clustername filename rotational_sym_number freqs mass elec_sp rotational_numbers
1DME      1DME                     2.0 [204.02,248.35,413.89,983.68,1137.99,1165.98,1198.56,1256.38,1268.13,1454.62,1468.16,1476.42,1478.7,1481.96,1504.42,3000.73,3011.23,3072.03,3077.63,3173.31,3174.47]                                                                                                                                                                                                                                                                                                                                              46.068999999999996 -154.85618147065173 [39.666054054,9.979019488,8.885635986999999]                
1DME1TFE  1DME1TFE-00100100_1_387  1.0 [6.59,19.45,52.07,68.17,81.02,110.67,193.85,202.91,234.29,259.72,358.21,422.28,428.48,536.73,551.65,675.03,793.15,846.52,961.77,971.54,1136.99,1166.13,1173.61,1185.73,1198.15,1201.91,1242.62,1277.71,1301.5,1319.33,1452.09,1455.44,1460.76,1471.52,1472.13,1481.48,1481.86,1483.6,1501.95,3028.06,3035.08,3065.57,3108.79,3113.74,3151.19,3185.07,3204.32,3593.81]                                                                                                                  146.10920948900002 -607.3219783664716  [2.7807761340000003,0.695362854,0.635937752]                
1DME1TFE  1DME1TFE-00100100_1_142  1.0 [2.42,31.64,58.58,76.81,100.16,128.0,194.95,200.73,233.56,258.69,359.3,420.84,424.93,537.49,550.97,674.12,778.31,845.85,962.32,970.71,1136.73,1165.39,1172.04,1187.01,1198.29,1202.31,1240.47,1277.01,1299.8,1320.33,1449.64,1454.38,1468.55,1470.21,1476.83,1480.33,1482.0,1484.24,1501.3,3028.94,3037.35,3057.1,3111.24,3120.25,3150.64,3177.9,3188.31,3589.51]                                                                                                                      146.10920948900002 -607.3218850105028  [2.4153625379999997,0.808732594,0.7869260339999999]         
1DME1TFE  1DME1TFE-00100100_1_52   1.0 [10.77,20.11,51.91,68.24,82.15,110.17,193.96,202.33,234.18,259.56,358.04,422.66,428.84,536.62,551.85,675.04,796.18,846.49,961.78,971.61,1136.97,1165.95,1173.73,1185.69,1198.48,1201.74,1242.41,1277.71,1301.57,1319.06,1451.75,1455.75,1460.91,1471.34,1472.29,1481.55,1481.82,1483.53,1502.02,3027.91,3035.07,3065.75,3108.8,3113.78,3151.31,3184.74,3203.63,3593.43]                                                                                                                146.10920948900002 -607.3219793412825  [2.77721101,0.696958459,0.637230036]                        
1DME1TFE  1DME1TFE-00100100_1_377  1.0 [3.7,30.06,57.74,75.48,98.57,127.69,194.17,199.32,234.13,258.16,359.88,420.28,425.0,536.74,551.6,674.15,781.18,845.47,963.27,970.54,1136.69,1165.38,1171.43,1187.61,1198.53,1202.37,1240.36,1276.75,1299.31,1320.59,1448.03,1454.51,1468.32,1470.55,1476.59,1480.14,1481.97,1483.89,1501.38,3029.32,3037.49,3056.96,3111.34,3120.14,3150.6,3178.51,3188.45,3585.25]                                                                                                                    146.10920948900002 -607.3219059662808  [2.41685549,0.809519862,0.7865740130000001]                 
1DME1TFE  1DME1TFE-00100100_1_890  1.0 [10.16,22.64,51.51,69.43,81.61,111.34,198.0,204.65,233.65,246.09,357.44,423.12,427.39,537.61,552.01,675.16,789.28,846.73,957.62,973.56,1137.51,1165.85,1171.69,1185.13,1194.89,1200.04,1245.6,1277.87,1301.5,1319.83,1448.83,1454.84,1457.19,1468.46,1471.21,1478.18,1481.76,1482.94,1503.32,3025.83,3035.06,3063.08,3105.58,3114.51,3148.77,3180.84,3197.81,3614.54]                                                                                                                  146.10920948900002 -607.3217310474914  [2.5598401330000002,0.75154426,0.704751327]                 
1DME1TFE  1DME1TFE-00100100_1_766  1.0 [9.6,27.73,56.31,71.1,90.65,113.63,198.56,203.15,233.65,248.45,358.82,422.35,426.47,537.7,552.75,675.65,792.42,846.45,958.76,972.99,1137.64,1165.84,1171.85,1186.12,1195.71,1200.48,1245.14,1277.51,1301.36,1320.81,1450.43,1456.1,1459.04,1468.27,1472.44,1478.56,1481.52,1483.09,1502.65,3025.81,3035.57,3059.94,3105.78,3116.53,3149.21,3179.6,3193.69,3607.05]                                                                                                                     146.10920948900002 -607.3217011543645  [2.4970572520000003,0.772273385,0.733658238]                
1DME1TFE  1DME1TFE-00100100_1_708  1.0 [-18.83,28.03,62.54,74.72,96.74,133.35,199.27,201.56,234.72,257.42,359.96,421.1,427.18,538.1,552.44,673.72,730.67,846.25,965.36,970.55,1136.77,1165.46,1174.85,1188.59,1197.75,1202.19,1239.73,1276.67,1302.31,1321.36,1451.71,1455.07,1468.03,1474.21,1478.59,1481.79,1483.88,1488.89,1502.75,3028.97,3036.31,3059.2,3111.35,3117.41,3150.88,3185.02,3186.98,3593.33]                                                                                                                 146.10920948900002 -607.3216304280239  [2.524210596,0.771779171,0.718308556]                       
1DME1TFE  1DME1TFE-00100100_1_963  1.0 [-12.45,29.63,65.62,74.54,94.31,129.08,198.35,200.92,233.99,257.38,360.13,421.55,427.23,537.93,553.01,674.15,720.43,846.41,964.42,970.45,1136.65,1165.23,1174.91,1188.34,1198.3,1201.83,1239.34,1276.57,1301.68,1321.4,1451.66,1455.32,1467.74,1472.98,1478.22,1481.52,1484.03,1493.48,1501.97,3028.52,3036.05,3059.05,3110.3,3116.89,3150.56,3185.57,3186.89,3599.76]                                                                                                                 146.10920948900002 -607.3214996245794  [2.56627821,0.7607271170000001,0.702974004]                 
1DME1etoh 1DME1etoh-01000100_1_917 1.0 [1.7,12.46,23.02,60.96,71.06,147.01,198.04,242.73,258.09,414.61,443.75,729.07,816.4,924.02,976.64,1080.59,1138.12,1157.45,1165.45,1182.31,1199.2,1250.49,1275.31,1302.43,1330.84,1391.19,1455.98,1463.57,1468.71,1474.94,1477.69,1480.34,1481.83,1487.8,1503.05,1517.19,3004.99,3020.18,3028.04,3043.14,3066.86,3098.51,3103.64,3161.35,3167.11,3181.65,3182.62,3738.12]                                                                                                               92.13799999999998  -309.74153564485215 [7.106461151,1.071817037,1.004736852]                       
1DME1etoh 1DME1etoh-01000100_1_373 1.0 [1.42,21.32,23.75,63.55,74.57,148.9,195.48,247.23,258.96,414.82,443.45,742.76,817.12,923.62,975.25,1081.81,1137.76,1156.94,1165.73,1182.21,1200.6,1248.18,1274.86,1303.05,1333.4,1391.44,1455.88,1463.69,1468.95,1475.91,1477.95,1480.97,1481.5,1488.49,1502.28,1516.93,3006.69,3021.43,3029.17,3045.18,3067.62,3100.06,3105.28,3162.03,3167.39,3182.45,3183.5,3728.66]                                                                                                                92.13799999999998  -309.7415900712612  [7.266262438,1.0622128130000001,0.9934583]                  
1DME1etoh 1DME1etoh-01000100_1_831 1.0 [1.41,19.11,30.6,59.75,90.52,150.25,195.91,250.16,256.53,415.18,443.46,713.88,816.98,923.79,974.16,1084.81,1137.6,1157.83,1166.04,1182.07,1201.4,1245.84,1274.65,1302.81,1343.7,1392.4,1455.95,1463.49,1469.14,1477.72,1479.44,1481.15,1481.85,1490.85,1502.16,1516.21,3004.27,3020.89,3028.58,3045.44,3068.07,3099.87,3105.04,3162.72,3168.56,3179.22,3184.4,3727.8]                                                                                                                  92.13799999999998  -309.7414863154038  [7.322546967999999,1.073232716,0.984445331]                 
1DME1etoh 1DME1etoh-01000100_1_676 1.0 [1.02,24.37,25.35,57.34,99.88,152.7,193.48,249.63,257.36,414.44,444.77,695.49,817.81,924.12,973.4,1087.11,1137.14,1158.5,1165.62,1182.17,1201.3,1244.46,1274.13,1302.79,1351.12,1393.53,1455.58,1463.3,1469.12,1478.08,1480.62,1481.2,1481.98,1494.29,1501.7,1516.28,3002.48,3021.88,3029.69,3043.76,3068.11,3100.68,3106.42,3162.7,3169.11,3180.7,3187.51,3726.36]                                                                                                                    92.13799999999998  -309.7413837471445  [7.331379951,1.088006137,0.985757449]                       
1DME1etoh 1DME1etoh-01000100_1_525 1.0 [3.73,17.05,27.17,63.58,79.85,152.38,199.11,247.52,258.96,413.4,441.3,727.0,818.05,924.23,975.57,1079.27,1138.04,1157.83,1166.19,1182.83,1200.36,1249.58,1274.67,1302.68,1331.68,1391.61,1455.7,1463.68,1469.68,1474.4,1478.33,1481.12,1482.01,1488.03,1503.31,1516.82,2998.9,3018.53,3026.63,3036.67,3068.15,3096.87,3102.12,3162.63,3168.71,3181.76,3182.76,3745.14]                                                                                                                 92.13799999999998  -309.74144743989234 [6.404849887999999,1.1744865,1.11409021]                    
1DME1etoh 1DME1etoh-01000100_1_399 1.0 [4.43,20.19,30.75,64.14,77.32,151.11,198.47,245.96,258.36,413.9,442.41,728.19,817.49,923.95,976.24,1079.72,1138.21,1157.57,1166.05,1182.64,1199.91,1250.57,1275.0,1302.09,1332.02,1391.23,1455.98,1463.36,1469.59,1474.5,1478.31,1481.01,1482.13,1487.74,1503.39,1516.52,2999.57,3019.35,3027.23,3037.39,3067.82,3097.05,3102.42,3162.62,3168.34,3181.86,3182.9,3743.56]                                                                                                               92.13799999999998  -309.7413844641957  [6.512229497,1.150780245,1.088859039]                       
1DME1etoh 1DME1etoh-01000100_1_655 1.0 [9.98,21.61,28.06,60.08,90.04,151.76,193.36,249.46,257.72,415.05,443.84,715.63,817.72,924.09,974.46,1085.33,1137.52,1157.73,1165.66,1182.04,1201.24,1246.32,1274.44,1303.37,1345.02,1392.62,1455.86,1463.72,1468.85,1477.6,1479.49,1481.19,1481.8,1491.08,1501.95,1516.2,3002.1,3021.96,3029.62,3044.08,3067.57,3101.02,3106.32,3162.75,3167.68,3181.05,3186.1,3726.51]                                                                                                                92.13799999999998  -309.7414641968364  [7.38152102,1.0809536700000002,0.992461056]                 
1DME1etoh 1DME1etoh-01000100_1_850 1.0 [11.38,22.6,28.23,58.9,94.31,149.78,193.52,248.62,257.34,414.62,443.5,706.34,817.42,923.8,974.39,1085.4,1137.23,1158.06,1165.66,1182.31,1201.21,1245.84,1274.38,1303.22,1345.27,1392.74,1455.56,1463.78,1469.01,1477.68,1479.8,1481.02,1481.69,1491.3,1502.0,1516.17,3003.44,3021.97,3029.74,3044.97,3067.38,3101.18,3106.42,3162.11,3167.88,3180.7,3186.28,3730.2]                                                                                                                    92.13799999999998  -309.741487615272   [7.324861224,1.072517236,0.980646472]                       
1DME1etoh 1DME1etoh-01000100_1_958 1.0 [15.48,26.9,34.95,69.54,79.14,146.19,197.95,246.31,257.54,416.57,441.92,710.51,816.54,923.5,976.37,1079.8,1138.17,1156.09,1165.75,1182.44,1199.73,1247.96,1275.15,1303.21,1326.81,1391.15,1455.54,1463.85,1469.14,1474.42,1477.66,1480.79,1481.57,1487.86,1502.63,1517.55,3006.91,3019.82,3027.94,3046.9,3067.47,3098.0,3103.87,3162.49,3167.82,3181.65,3184.99,3752.5]                                                                                                                92.13799999999998  -309.7415843765994  [7.5156784850000005,1.0766223990000001,1.013587038]         
1DME1etoh 1DME1etoh-01000100_1_855 1.0 [-24.83,7.88,24.51,54.88,103.53,148.49,195.19,245.21,258.63,414.48,444.38,672.95,818.76,924.59,975.03,1086.96,1137.95,1159.39,1165.94,1182.42,1200.52,1246.13,1274.64,1302.59,1351.29,1393.74,1455.96,1463.6,1469.04,1477.89,1479.76,1481.83,1482.09,1494.67,1502.38,1516.29,2998.47,3019.61,3027.82,3037.07,3067.68,3097.94,3104.24,3162.36,3168.71,3179.26,3185.81,3733.62]                                                                                                          92.13799999999998  -309.7411366175044  [6.986563629,1.1105788250000002,1.0012767710000001]         
1DME1etoh 1DME1etoh-01000100_1_650 1.0 [-22.86,13.12,19.0,53.05,102.39,147.1,195.51,243.92,258.35,414.93,444.27,676.39,818.74,924.53,975.67,1086.58,1138.23,1159.4,1165.87,1182.45,1200.17,1246.99,1275.01,1302.68,1350.06,1393.57,1456.09,1463.61,1468.82,1477.61,1479.53,1481.71,1481.93,1494.25,1502.49,1516.17,2999.01,3019.36,3027.54,3037.77,3067.65,3097.83,3103.94,3162.3,3168.55,3179.4,3185.44,3734.54]                                                                                                             92.13799999999998  -309.7411556451692  [7.007164363,1.10160979,0.995152644]                        
1DME1etoh 1DME1etoh-01000100_1_794 1.0 [-17.08,14.2,32.93,57.52,102.75,149.48,196.09,245.27,258.19,414.6,443.96,665.73,819.25,924.75,975.3,1086.42,1138.2,1159.58,1165.71,1182.72,1200.27,1246.51,1274.83,1302.05,1352.19,1393.85,1456.21,1463.35,1469.07,1477.82,1479.92,1482.1,1482.41,1495.16,1502.72,1516.29,2997.69,3019.69,3027.63,3036.26,3067.89,3098.18,3103.67,3162.51,3168.52,3180.3,3184.85,3738.54]                                                                                                              92.13799999999998  -309.7411158486223  [7.052524705,1.1238568199999999,1.007930881]                
1DME1etoh 1DME1etoh-01000100_1_893 1.0 [-20.67,26.55,29.35,57.61,104.62,151.89,197.09,248.02,257.33,415.36,445.31,666.35,818.71,924.54,974.31,1087.82,1137.9,1159.04,1165.77,1182.46,1200.9,1245.06,1274.85,1302.41,1353.97,1394.15,1455.94,1463.38,1469.27,1478.16,1480.7,1481.59,1482.31,1496.24,1501.91,1516.44,2999.44,3020.67,3028.5,3039.51,3067.57,3099.43,3104.96,3162.44,3168.41,3178.52,3185.72,3731.95]                                                                                                            92.13799999999998  -309.7412325790729  [7.29247354,1.096604892,0.983589614]                        
1DME1etoh 1DME1etoh-01000100_1_952 1.0 [-16.78,-10.91,-6.27,5.54,8.83,18.41,204.36,247.76,249.67,289.99,413.79,423.6,819.27,921.26,983.07,1053.95,1137.85,1139.15,1165.96,1180.7,1198.45,1255.35,1260.38,1267.94,1305.3,1391.04,1454.67,1462.51,1464.39,1467.94,1476.16,1478.78,1482.14,1486.99,1504.5,1515.57,3002.2,3012.52,3025.0,3069.69,3072.15,3073.31,3078.94,3168.46,3173.02,3173.3,3174.49,3906.4]                                                                                                                   92.13799999999998  -309.73242659902246 [5.2797787099999995,0.385471846,0.368736596]                
1DME1etoh 1DME1etoh-01000100_1_522 1.0 [-22.75,-11.39,-7.5,5.01,13.04,17.67,204.52,247.25,247.69,289.4,413.98,423.83,819.68,921.43,982.96,1054.16,1137.51,1138.79,1165.88,1180.61,1198.37,1255.26,1260.46,1267.58,1305.0,1391.2,1454.51,1462.23,1464.37,1467.8,1476.03,1478.57,1482.14,1487.0,1504.67,1515.23,3002.02,3012.76,3024.58,3069.2,3072.35,3072.76,3079.34,3168.75,3172.3,3173.52,3176.15,3905.93]                                                                                                                  92.13799999999998  -309.7325084202526  [8.178961360999999,0.351579948,0.347056133]                 
1DME1etoh 1DME1etoh-01000100_1_529 1.0 [-9.38,-7.79,-2.19,6.75,16.23,18.62,204.46,247.89,248.09,287.46,414.27,424.1,819.36,921.62,983.26,1053.72,1137.71,1139.08,1165.67,1180.75,1198.11,1255.71,1259.8,1267.81,1304.92,1390.87,1454.44,1462.11,1464.27,1467.85,1476.08,1478.55,1481.97,1486.7,1504.36,1515.33,3001.64,3012.1,3023.47,3068.24,3072.22,3072.42,3078.25,3168.86,3173.19,3173.49,3174.67,3907.1]                                                                                                                 92.13799999999998  -309.73229009701356 [7.889918149,0.24654565,0.24253812]                         
1DME1etoh 1DME1etoh-01000100_1_786 1.0 [-17.06,-11.72,-4.51,-1.96,7.5,14.76,205.1,247.7,247.88,285.35,413.96,423.8,819.55,921.83,983.11,1053.91,1137.78,1138.15,1165.86,1180.4,1198.29,1255.59,1259.81,1267.94,1304.51,1391.57,1454.64,1462.02,1464.92,1468.0,1476.15,1478.79,1482.18,1486.84,1504.48,1514.98,3001.84,3012.23,3024.27,3069.02,3071.72,3072.76,3078.53,3169.49,3172.28,3172.56,3174.4,3907.58]                                                                                                                 92.13799999999998  -309.73244501257045 [6.161516891,0.443774529,0.423647308]                       
1DME1meoh 1DME1meoh-10000100_1_711 1.0 [2.97,8.09,26.95,87.67,112.51,174.72,195.6,243.69,419.76,730.34,976.85,1114.52,1132.31,1138.29,1165.58,1182.58,1199.6,1250.6,1275.43,1417.01,1456.06,1468.85,1475.12,1478.84,1480.12,1481.1,1482.02,1498.76,1503.38,3010.74,3021.14,3029.04,3076.06,3099.38,3104.61,3148.11,3182.26,3183.74,3736.96]                                                                                                                                                                                            78.11099999999996  -270.47845989858934 [7.486757853,1.8744470819999999,1.6756086069999998]         
1DME1meoh 1DME1meoh-10000100_1_916 1.0 [1.08,23.79,29.64,89.79,113.18,174.53,194.89,250.6,419.1,739.16,974.81,1117.27,1131.98,1137.65,1165.71,1182.14,1200.73,1247.55,1274.98,1417.97,1455.79,1468.85,1475.18,1478.3,1480.36,1481.6,1481.88,1498.7,1502.49,3012.12,3021.71,3029.36,3078.1,3100.9,3106.08,3148.96,3183.08,3184.04,3728.09]                                                                                                                                                                                              78.11099999999996  -270.47849260647916 [7.618667186,1.852147208,1.6524489530000002]                
1DME1meoh 1DME1meoh-10000100_1_968 1.0 [2.48,17.85,34.44,98.08,116.18,176.78,199.7,250.13,417.53,720.93,974.45,1110.24,1133.12,1137.92,1166.54,1181.95,1200.85,1248.53,1274.34,1416.1,1455.63,1469.26,1474.72,1478.53,1479.67,1480.86,1483.32,1498.27,1503.07,3005.46,3018.23,3026.29,3069.34,3096.62,3101.9,3148.92,3181.32,3182.8,3746.85]                                                                                                                                                                                           78.11099999999996  -270.47825147438925 [6.943758745,2.093129154,1.884343549]                       
1DME1meoh 1DME1meoh-10000100_1_879 1.0 [13.54,17.5,31.98,96.55,114.09,175.86,196.03,248.2,417.8,723.78,975.13,1110.11,1133.35,1137.68,1165.88,1181.85,1200.28,1249.14,1274.31,1415.42,1455.64,1469.29,1474.89,1479.08,1479.27,1481.09,1483.35,1498.41,1503.23,3005.85,3018.98,3027.08,3069.29,3097.31,3102.5,3148.41,3182.09,3183.1,3746.56]                                                                                                                                                                                           78.11099999999996  -270.4782597667718  [6.954977352,2.080027146,1.8751953060000002]                
1DME1meoh 1DME1meoh-10000100_1_586 1.0 [-25.25,3.31,33.31,110.24,118.26,175.76,196.33,243.56,419.72,649.47,975.81,1124.98,1135.15,1138.54,1165.41,1180.78,1199.4,1247.78,1275.25,1441.61,1457.73,1468.47,1477.01,1477.8,1480.78,1481.45,1483.05,1501.16,1503.12,3006.04,3020.28,3028.38,3070.5,3098.81,3104.73,3149.26,3179.38,3184.2,3738.41]                                                                                                                                                                                         78.11099999999996  -270.4779279992173  [7.575747033,1.9408607549999999,1.60553447]                 
1DME1meoh 1DME1meoh-10000100_1_784 1.0 [-31.57,14.41,34.07,106.95,122.76,175.3,196.5,246.22,418.9,658.64,975.17,1125.44,1135.26,1138.28,1165.95,1180.74,1200.41,1247.1,1274.99,1438.54,1457.42,1468.56,1476.9,1478.2,1480.36,1481.36,1483.01,1501.03,1502.71,3006.71,3020.03,3028.35,3071.44,3098.11,3104.81,3148.68,3179.32,3186.13,3734.65]                                                                                                                                                                                          78.11099999999996  -270.4779526846435  [7.4770380240000005,1.9376983749999999,1.616358989]         
1DME1meoh 1DME1meoh-10000100_1_949 1.0 [-30.71,19.68,29.67,113.5,120.51,176.71,195.49,246.47,418.86,651.79,975.28,1126.34,1135.55,1138.39,1165.73,1180.79,1200.32,1246.97,1275.15,1441.67,1457.85,1468.46,1477.56,1477.9,1480.82,1481.53,1482.83,1501.79,1502.8,3006.81,3020.26,3028.58,3071.5,3098.45,3104.94,3148.7,3179.12,3186.31,3734.32]                                                                                                                                                                                         78.11099999999996  -270.4779773130082  [7.555858669999999,1.933265655,1.601850356]                 
1DME1meoh 1DME1meoh-10000100_1_616 1.0 [-30.51,37.86,46.53,115.89,124.76,178.69,197.94,254.31,418.04,665.37,973.56,1125.27,1134.38,1137.53,1166.08,1180.9,1201.47,1244.45,1273.98,1441.18,1456.82,1468.34,1477.64,1478.91,1480.13,1481.41,1483.84,1500.82,1502.77,3005.71,3019.98,3028.09,3070.32,3098.51,3104.68,3149.87,3179.96,3185.98,3733.93]                                                                                                                                                                                     78.11099999999996  -270.4779848110388  [7.385742704999999,2.042431215,1.689765664]                 
1DME1meoh 1DME1meoh-10000100_1_740 1.0 [30.45,39.94,63.84,69.48,77.36,83.73,208.41,249.6,303.85,413.59,982.57,1065.7,1110.33,1137.33,1166.23,1171.16,1199.32,1254.07,1268.13,1346.12,1454.79,1467.47,1467.6,1474.7,1476.28,1479.39,1486.1,1487.18,1505.4,3003.3,3013.59,3042.78,3075.49,3080.86,3120.7,3172.16,3173.86,3177.52,3909.23]                                                                                                                                                                                                78.11099999999996  -270.47173623193714 [8.399677446,1.4616113130000001,1.3172417399999998]         
1DMS      1DMS                     2.0 [174.6,186.29,274.14,734.78,789.43,916.42,957.69,992.83,1055.62,1346.77,1369.92,1449.64,1458.26,1465.76,1473.65,3065.97,3068.82,3165.78,3172.88,3191.53,3192.29]                                                                                                                                                                                                                                                                                                                                                  62.13              -477.4783714975707  [17.816407488,7.540714282,5.687474727]                      
1DMS1dma  1dma1DMS-00010010_1_987  1.0 [1.63,33.93,59.5,67.56,82.33,113.33,169.19,181.37,232.66,269.93,274.85,388.38,732.45,786.61,817.86,917.68,961.68,976.19,996.6,1044.83,1056.12,1109.17,1189.42,1234.16,1268.2,1349.91,1372.26,1435.37,1450.37,1457.46,1461.14,1464.42,1466.55,1472.78,1483.35,1484.22,1501.88,1539.5,2968.47,2978.88,3069.41,3072.52,3090.73,3094.93,3144.86,3158.76,3171.49,3177.97,3194.0,3196.02,3576.39]                                                                                         107.21499999999999 -612.479166315884   [3.497666885,1.0767000009999999,1.060067304]                
1DMS1dma  1dma1DMS-00010010_1_851  1.0 [20.87,49.07,73.22,80.22,95.8,139.93,201.91,208.23,224.71,267.46,281.19,392.71,733.71,785.97,838.21,923.15,964.54,976.63,1001.85,1045.44,1061.16,1109.08,1191.42,1231.73,1266.9,1344.02,1368.75,1435.28,1450.18,1457.26,1463.18,1465.25,1471.94,1480.89,1484.5,1485.39,1501.75,1540.47,2983.33,2986.95,3066.58,3069.06,3093.95,3096.23,3150.16,3151.26,3172.19,3177.91,3191.54,3192.11,3558.62]                                                                                     107.21499999999999 -612.481216228607   [3.539708593,1.191313449,0.9918988759999999]                
1DMS1dma  1dma1DMS-00010010_1_539  1.0 [21.54,49.14,75.47,80.61,95.6,140.61,203.27,208.5,223.94,267.21,282.37,392.17,733.99,785.94,834.98,923.72,965.08,976.07,1002.43,1045.75,1061.36,1109.08,1190.83,1232.26,1266.78,1343.87,1368.74,1435.31,1449.98,1457.08,1463.13,1465.2,1472.06,1480.89,1484.67,1485.44,1502.12,1540.96,2983.35,2986.88,3066.46,3068.85,3093.75,3096.05,3150.4,3151.15,3172.16,3177.79,3191.4,3191.86,3560.33]                                                                                       107.21499999999999 -612.481266865573   [3.541186675,1.194261687,0.993368484]                       
1DMS1dma  1dma1DMS-00010010_1_460  1.0 [22.97,51.89,61.3,79.62,98.96,134.22,193.73,218.49,222.09,264.99,280.89,391.6,733.18,785.6,827.16,922.97,964.47,976.2,1001.96,1043.16,1061.0,1108.89,1190.63,1231.89,1267.46,1345.24,1369.64,1435.04,1450.23,1457.76,1462.33,1464.72,1471.49,1480.15,1482.97,1485.32,1502.05,1528.55,2983.52,2987.68,3065.43,3068.03,3094.31,3096.66,3150.39,3154.9,3169.31,3176.57,3191.79,3192.41,3573.14]                                                                                        107.21499999999999 -612.4808152073917  [3.582189143,1.1738242069999998,0.9928435809999999]         
1DMS1dma  1dma1DMS-00010010_1_933  1.0 [1.7,37.91,59.29,73.46,88.84,107.14,190.04,199.87,221.78,264.05,280.38,389.2,736.14,767.89,787.23,924.16,966.95,967.24,1004.33,1039.91,1062.67,1109.63,1192.63,1220.98,1265.82,1343.91,1369.14,1437.11,1448.54,1457.08,1462.12,1464.44,1473.77,1476.44,1483.6,1487.43,1504.02,1514.28,2990.06,2992.83,3067.34,3072.3,3100.39,3111.67,3157.02,3162.83,3172.93,3179.3,3193.18,3197.08,3605.89]                                                                                        107.21499999999999 -612.4795620799216  [3.718741194,1.1084500350000002,1.005200941]                
1DMS1dma  1dma1DMS-00010010_1_343  1.0 [16.24,21.58,51.68,75.94,88.93,107.78,164.49,181.13,222.03,262.45,274.1,389.99,733.31,787.98,823.76,918.34,960.43,975.83,996.11,1041.72,1056.44,1108.69,1189.89,1232.01,1267.29,1348.98,1372.27,1433.63,1448.4,1456.32,1457.71,1461.02,1466.37,1471.78,1481.41,1483.59,1501.47,1526.11,2978.57,2982.19,3070.17,3073.64,3093.21,3095.65,3153.26,3154.7,3172.17,3181.0,3193.66,3198.36,3581.45]                                                                                       107.21499999999999 -612.4795216661543  [3.91958736,1.0334193660000002,0.953382842]                 
1DMS1dma  1dma1DMS-00010010_1_950  1.0 [9.79,31.27,58.16,70.06,88.84,117.02,165.95,179.45,226.57,266.93,274.61,391.48,732.48,787.26,836.76,918.51,961.91,977.25,997.88,1044.31,1057.03,1108.91,1191.02,1232.56,1267.11,1349.14,1372.02,1435.2,1450.84,1457.28,1459.05,1465.13,1466.34,1471.94,1483.21,1484.41,1500.61,1540.72,2976.76,2981.93,3071.25,3073.85,3093.17,3095.75,3146.09,3156.0,3174.93,3182.65,3195.01,3196.1,3563.88]                                                                                       107.21499999999999 -612.4796911388327  [3.6607524320000002,1.063615908,0.98619299]                 
1DMS1dma  1dma1DMS-00010010_1_622  1.0 [13.52,39.59,59.92,71.32,88.27,116.51,164.02,178.65,227.21,267.74,275.23,391.32,732.02,787.07,836.3,918.41,962.12,976.8,997.63,1044.55,1056.64,1108.65,1190.87,1231.85,1267.27,1349.24,1372.08,1435.01,1451.2,1457.38,1459.14,1464.85,1466.75,1471.86,1483.15,1484.93,1500.78,1540.58,2976.03,2981.75,3071.53,3074.05,3092.92,3095.52,3146.12,3155.83,3175.82,3182.93,3194.34,3195.72,3563.51]                                                                                      107.21499999999999 -612.4796835905951  [3.671125266,1.059859655,0.992334123]                       
1DMS1dma  1dma1DMS-00010010_1_565  1.0 [15.97,42.63,58.7,73.44,84.39,111.49,163.19,178.35,229.05,268.27,275.86,390.68,732.85,788.09,831.17,918.01,960.68,977.43,996.07,1044.46,1056.42,1109.09,1190.68,1233.54,1267.56,1349.2,1371.91,1435.12,1450.5,1456.94,1460.53,1463.71,1467.43,1472.19,1483.13,1484.92,1500.87,1539.89,2972.95,2979.89,3071.39,3073.95,3092.42,3094.57,3147.52,3155.68,3174.6,3180.56,3194.45,3195.64,3568.27]                                                                                       107.21499999999999 -612.47950107025    [3.664636959,1.055742424,1.005870758]                       
1DMS1dma  1dma1DMS-00010010_1_934  1.0 [7.64,37.66,59.34,73.89,89.68,106.33,190.37,200.79,222.37,264.07,280.67,389.18,736.25,768.8,787.26,924.39,966.88,967.15,1004.33,1039.88,1062.7,1109.81,1192.86,1221.14,1265.9,1343.85,1369.09,1436.95,1448.64,1457.07,1462.02,1464.42,1474.03,1476.38,1483.54,1487.42,1504.02,1514.48,2990.25,2993.03,3066.85,3072.08,3100.39,3111.91,3157.18,3162.9,3172.59,3178.78,3192.76,3197.03,3605.49]                                                                                       107.21499999999999 -612.4795748696699  [3.717389615,1.108533237,1.005970139]                       
1DMS1dma  1dma1DMS-00010010_1_865  1.0 [25.48,40.31,58.53,77.23,89.29,126.38,180.77,189.81,230.13,265.31,275.44,386.01,733.58,787.69,807.13,918.56,959.85,975.22,995.15,1045.77,1057.14,1110.35,1186.15,1238.09,1267.39,1348.38,1371.44,1435.05,1449.66,1457.64,1460.13,1465.33,1465.9,1473.03,1482.55,1486.27,1503.73,1540.53,2960.0,2972.44,3068.98,3072.4,3088.98,3091.53,3151.84,3156.14,3170.02,3177.12,3193.6,3194.94,3579.19]                                                                                       107.21499999999999 -612.4793057756003  [3.5428637739999997,1.1916187999999999,1.0517185489999998]  
1DMS1dma  1dma1DMS-00010010_1_813  1.0 [23.79,42.63,56.24,78.3,90.19,132.12,180.32,190.54,232.37,267.36,277.18,385.95,734.12,787.73,812.15,918.96,960.14,975.85,995.43,1046.5,1056.95,1110.5,1186.06,1239.48,1267.28,1347.9,1371.17,1435.06,1449.63,1457.66,1459.94,1465.3,1466.25,1473.54,1482.67,1486.5,1503.74,1543.36,2957.58,2970.22,3068.99,3071.97,3088.06,3090.88,3151.21,3154.8,3170.64,3177.23,3194.52,3195.16,3574.77]                                                                                          107.21499999999999 -612.4793006132171  [3.544993517,1.1981558600000002,1.050345609]                
1DMS1dma  1dma1DMS-00010010_1_669  1.0 [27.19,45.79,57.36,78.78,87.15,128.71,178.06,187.56,229.86,266.92,275.15,386.41,733.37,788.04,807.05,918.01,960.26,975.08,995.64,1045.39,1057.02,1110.06,1185.89,1237.21,1267.0,1348.61,1371.62,1434.99,1449.79,1457.55,1460.22,1465.62,1466.36,1472.71,1483.11,1486.21,1503.41,1538.44,2959.59,2971.42,3069.48,3072.92,3088.98,3091.93,3151.8,3156.22,3170.28,3178.28,3194.92,3195.59,3578.72]                                                                                     107.21499999999999 -612.4793182217834  [3.4953584,1.20213573,1.056776095]                          
1DMS1dma  1dma1DMS-00010010_1_944  1.0 [27.74,47.32,58.74,76.57,89.17,128.37,179.98,191.92,230.43,266.75,277.21,385.88,733.78,787.54,813.26,918.86,959.94,975.52,995.49,1045.92,1057.23,1110.02,1186.46,1238.3,1267.3,1347.86,1371.03,1434.72,1449.73,1457.84,1459.66,1465.16,1466.23,1473.59,1483.07,1485.99,1503.13,1543.06,2958.76,2971.5,3069.41,3072.04,3088.98,3091.6,3151.13,3155.33,3171.28,3177.4,3194.27,3195.06,3576.18]                                                                                        107.21499999999999 -612.479327210974   [3.531134825,1.205720122,1.0556400940000001]                
1DMS1dma  1dma1DMS-00010010_1_753  1.0 [-27.96,12.26,43.38,58.99,72.31,106.18,173.29,185.93,223.62,264.94,273.84,390.33,733.03,787.14,829.96,918.59,962.2,977.31,997.56,1044.03,1057.08,1108.22,1192.13,1231.71,1269.1,1349.73,1372.97,1435.52,1450.38,1458.35,1460.65,1465.68,1467.37,1474.05,1483.03,1483.86,1500.29,1539.86,2977.04,2983.99,3068.42,3071.88,3094.16,3096.34,3148.5,3155.69,3171.19,3177.65,3193.7,3194.41,3570.98]                                                                                      107.21499999999999 -612.479333954179   [3.501126926,1.11070915,0.9753637599999999]                 
1DMS1dma  1dma1DMS-00010010_1_382  1.0 [-27.48,14.77,38.72,64.75,73.79,107.55,176.86,188.01,223.73,265.06,274.3,390.6,732.62,786.66,831.79,918.89,961.97,977.61,997.43,1044.32,1057.27,1108.24,1191.85,1232.44,1268.79,1349.06,1372.41,1435.66,1450.3,1458.08,1460.75,1465.81,1467.73,1474.29,1483.33,1483.98,1500.39,1541.46,2977.53,2982.86,3068.01,3071.96,3093.8,3096.13,3149.56,3154.31,3171.5,3178.05,3193.42,3194.91,3567.53]                                                                                       107.21499999999999 -612.4793444002013  [3.5218294230000002,1.10383628,0.969627877]                 
1DMS1dma  1dma1DMS-00010010_1_374  1.0 [-26.97,13.96,40.87,66.04,74.1,107.97,177.37,188.31,224.07,265.45,274.25,390.8,732.65,786.71,833.31,919.05,961.87,977.61,997.28,1044.2,1057.36,1108.04,1192.26,1231.95,1268.73,1349.13,1372.44,1435.55,1450.16,1457.94,1460.69,1465.8,1467.75,1474.2,1483.22,1484.04,1500.22,1541.63,2977.17,2983.06,3067.93,3072.21,3093.99,3096.24,3150.05,3154.39,3171.16,3178.01,3193.37,3195.12,3566.47]                                                                                       107.21499999999999 -612.4793376277387  [3.522907227,1.1020143869999999,0.970473337]                
1DMS1dma  1dma1DMS-00010010_1_365  1.0 [-31.7,19.53,36.2,71.09,88.47,107.39,161.33,184.38,222.4,263.17,274.75,390.47,734.17,788.86,831.16,919.31,959.68,976.99,994.15,1043.44,1056.8,1108.76,1189.93,1233.06,1266.98,1348.56,1371.82,1434.71,1447.09,1456.31,1459.9,1462.84,1467.11,1472.81,1482.6,1484.32,1501.54,1534.27,2976.28,2980.41,3068.42,3073.01,3091.4,3094.44,3147.34,3155.03,3169.61,3177.3,3193.1,3200.57,3575.91]                                                                                           107.21499999999999 -612.4791540800264  [3.9203483390000002,0.9680533179999999,0.946192199]         
1DMS1dma  1dma1DMS-00010010_1_596  1.0 [-22.59,17.3,41.29,55.06,70.93,108.23,175.7,187.36,224.15,264.95,273.86,389.92,732.52,786.61,831.71,918.61,961.6,977.51,996.99,1043.98,1057.12,1108.3,1192.3,1232.67,1269.07,1349.31,1372.32,1435.35,1450.41,1458.45,1460.35,1465.65,1467.38,1473.71,1483.17,1484.05,1500.51,1540.17,2975.91,2983.27,3068.32,3071.43,3093.68,3095.75,3147.5,3155.7,3170.83,3177.48,3193.92,3194.71,3570.56]                                                                                         107.21499999999999 -612.4792197444598  [3.498870173,1.096469467,0.9793100819999999]                
1DMS1dma  1dma1DMS-00010010_1_505  1.0 [-12.58,18.85,47.48,56.4,76.63,110.44,169.04,181.98,228.52,268.16,273.67,388.45,732.88,787.12,823.5,917.66,961.35,976.6,996.43,1043.95,1056.2,1109.05,1190.56,1233.91,1268.17,1350.07,1372.54,1435.2,1450.28,1457.88,1460.77,1464.14,1466.86,1472.14,1483.45,1483.68,1501.26,1539.47,2970.22,2979.76,3068.43,3071.42,3091.35,3095.19,3144.58,3158.12,3170.26,3176.68,3193.64,3195.5,3575.6]                                                                                         107.21499999999999 -612.4791272260982  [3.49347301,1.0743827160000001,1.0274578460000001]          
1DMS1dma  1dma1DMS-00010010_1_635  1.0 [-23.29,11.19,35.72,57.26,78.36,114.96,179.89,192.97,233.77,270.95,275.2,389.04,733.85,788.57,825.96,918.16,959.63,976.09,994.85,1044.85,1056.45,1109.3,1190.02,1235.3,1268.77,1348.34,1371.56,1435.01,1450.11,1458.56,1460.2,1464.12,1467.19,1473.63,1482.86,1484.08,1501.75,1540.69,2966.72,2972.53,3068.35,3071.22,3090.32,3093.73,3148.61,3157.56,3169.6,3176.32,3192.99,3195.06,3576.25]                                                                                       107.21499999999999 -612.4786073197014  [3.774622346,1.0326887569999998,0.988250929]                
1DMS1dma  1dma1DMS-00010010_1_372  1.0 [-31.34,42.05,53.45,56.78,86.88,108.44,158.76,184.33,223.67,263.74,275.49,390.09,733.61,788.4,813.21,918.84,960.3,974.95,995.19,1043.08,1056.88,1109.51,1189.18,1232.28,1267.08,1348.9,1373.13,1435.41,1445.17,1456.42,1459.96,1461.97,1466.49,1472.19,1481.59,1483.88,1501.89,1526.72,2978.45,2983.29,3068.85,3073.51,3091.81,3094.68,3151.27,3152.43,3170.3,3179.11,3192.99,3202.1,3582.63]                                                                                       107.21499999999999 -612.4791349864125  [4.212224527,0.9575212820000001,0.9083608430000001]         
1DMS1dma  1dma1DMS-00010010_1_756  1.0 [-33.07,42.93,52.58,58.76,89.3,113.33,160.94,183.4,224.13,264.93,275.69,390.62,733.36,788.17,816.01,918.3,960.39,974.97,995.47,1043.38,1056.44,1109.35,1189.15,1232.28,1266.96,1348.45,1372.61,1435.24,1445.52,1456.18,1459.43,1461.67,1466.31,1472.14,1482.06,1483.71,1501.97,1528.42,2978.29,2982.88,3068.7,3074.38,3091.73,3094.33,3151.01,3152.28,3170.61,3180.83,3193.17,3200.87,3579.23]                                                                                      107.21499999999999 -612.4791328816762  [4.105493225,0.978084439,0.912529036]                       
1DMS1dma  1dma1DMS-00010010_1_991  1.0 [-28.05,42.01,55.65,60.21,88.24,110.6,162.55,184.33,224.82,265.67,275.97,390.41,733.55,788.27,814.7,919.1,960.41,974.92,995.37,1043.13,1057.15,1109.65,1189.51,1231.72,1267.12,1348.7,1372.94,1435.49,1444.7,1456.33,1460.07,1461.94,1466.49,1472.29,1481.59,1483.88,1502.01,1526.61,2979.05,2983.35,3068.77,3073.9,3091.87,3094.64,3151.18,3152.71,3170.28,3179.34,3193.04,3202.71,3581.29]                                                                                        107.21499999999999 -612.4791469872515  [4.238687024,0.956551735,0.91079575]                        
1DMS1dma  1dma1DMS-00010010_1_806  1.0 [-10.43,29.74,53.46,57.3,79.83,114.42,167.62,181.93,231.97,269.09,274.64,387.99,732.73,786.72,818.16,917.83,961.13,976.29,996.14,1044.93,1056.24,1109.37,1189.28,1234.98,1267.93,1349.64,1372.04,1435.62,1449.79,1457.42,1461.35,1464.1,1466.46,1472.56,1483.06,1484.11,1501.77,1539.89,2967.48,2977.0,3069.11,3071.71,3090.29,3094.37,3144.81,3158.66,3170.25,3176.55,3193.87,3196.77,3575.21]                                                                                     107.21499999999999 -612.4790948367911  [3.494660199,1.07024193,1.054796484]                        
1DMS1dma  1dma1DMS-00010010_1_936  1.0 [-8.46,37.66,58.96,73.67,89.99,106.42,191.34,199.48,222.96,264.32,280.68,388.69,736.01,767.83,787.23,924.34,966.93,967.18,1004.27,1039.82,1062.78,1109.76,1192.79,1221.19,1265.83,1343.89,1369.15,1437.03,1448.41,1456.89,1462.08,1464.46,1474.02,1476.15,1483.46,1487.49,1504.24,1514.37,2990.38,2993.15,3066.64,3072.42,3100.89,3111.42,3157.43,3162.51,3172.55,3179.21,3192.79,3197.45,3605.86]                                                                                  107.21499999999999 -612.4795658662555  [3.715752374,1.109722282,1.005749575]                       
1DMS1etoh 1DMS1etoh-01000010_1_656 1.0 [2.24,34.8,43.61,74.21,97.53,139.73,178.77,196.28,256.83,276.59,438.27,597.94,731.46,785.67,817.54,923.01,923.47,968.3,1003.14,1059.71,1079.6,1150.77,1181.19,1304.51,1307.55,1349.0,1373.0,1391.42,1451.1,1460.35,1464.61,1466.53,1471.05,1475.62,1487.32,1515.79,3018.3,3060.86,3069.33,3071.06,3073.9,3165.18,3169.28,3178.92,3184.68,3195.45,3196.82,3739.76]                                                                                                                      108.19899999999998 -632.3632586854272  [4.879165792,0.888388797,0.8417656130000001]                
1DMS1etoh 1DMS1etoh-01000010_1_365 1.0 [3.25,37.12,42.66,76.26,96.82,140.67,179.94,196.58,257.85,276.57,438.0,599.7,731.38,785.34,817.61,922.76,923.49,967.7,1002.62,1059.6,1079.97,1151.1,1181.44,1304.39,1310.44,1348.89,1372.7,1391.52,1450.92,1460.21,1464.34,1466.45,1472.02,1475.94,1487.5,1515.82,3017.15,3059.95,3069.17,3071.23,3074.11,3164.83,3169.31,3178.82,3184.62,3195.5,3197.01,3738.04]                                                                                                                      108.19899999999998 -632.3631985259689  [4.863330135999999,0.897087967,0.846943459]                 
1DMS1etoh 1DMS1etoh-01000010_1_196 1.0 [11.94,13.96,31.76,68.4,72.37,140.02,171.65,188.95,256.18,273.24,433.36,608.25,731.79,786.84,816.63,919.86,923.36,963.72,998.44,1057.13,1077.4,1151.43,1181.36,1303.22,1316.46,1350.13,1373.48,1391.59,1450.72,1459.54,1464.23,1465.26,1472.05,1476.01,1487.93,1516.27,3011.37,3055.66,3069.64,3071.24,3074.19,3164.99,3169.74,3176.46,3182.76,3195.33,3197.51,3744.33]                                                                                                                108.19899999999998 -632.3625750162981  [4.973913304,0.922733321,0.862996734]                       
1DMS1etoh 1DMS1etoh-01000010_1_573 1.0 [6.43,40.16,44.34,80.68,98.03,141.14,181.18,196.52,257.92,276.08,437.83,596.39,731.52,785.22,817.35,922.67,923.52,967.77,1002.73,1059.69,1079.97,1150.77,1181.63,1304.19,1311.05,1349.0,1372.77,1391.54,1450.8,1460.04,1464.45,1466.95,1472.77,1476.86,1487.66,1515.8,3016.25,3059.5,3069.14,3070.55,3073.45,3164.74,3169.32,3178.37,3184.12,3194.76,3196.9,3739.07]                                                                                                                   108.19899999999998 -632.3631791861502  [4.843618938,0.912440557,0.8586459750000001]                
1DMS1etoh 1DMS1etoh-01000010_1_12  1.0 [11.67,27.7,33.26,67.47,71.7,141.46,176.43,193.79,256.88,274.73,433.51,606.51,731.96,786.46,817.0,920.69,923.46,964.1,998.96,1057.78,1077.81,1151.92,1181.85,1303.61,1317.11,1349.82,1373.05,1391.71,1451.08,1460.08,1464.3,1465.23,1472.06,1475.8,1487.92,1516.35,3010.68,3055.01,3069.27,3070.53,3073.69,3164.45,3169.59,3175.97,3182.21,3195.49,3197.83,3744.98]                                                                                                                    108.19899999999998 -632.362585974029   [5.023843603,0.9234914949999999,0.8643228420000001]         
1DMS1etoh 1DMS1etoh-01000010_1_6   1.0 [11.78,31.07,33.54,70.84,76.52,141.3,175.29,192.15,256.75,274.35,434.05,602.84,732.47,787.1,816.45,921.08,923.35,963.88,998.93,1058.23,1077.77,1151.1,1181.58,1302.7,1316.01,1349.66,1372.99,1391.43,1450.81,1460.04,1464.14,1465.17,1471.89,1475.86,1487.58,1516.37,3013.2,3056.34,3069.56,3070.94,3073.9,3164.9,3169.86,3176.05,3182.5,3195.87,3198.35,3746.5]                                                                                                                       108.19899999999998 -632.3626647718114  [5.020605862,0.929843867,0.872133916]                       
1DMS1etoh 1DMS1etoh-01000010_1_766 1.0 [6.08,26.62,54.93,65.97,82.32,131.18,173.01,186.42,257.87,274.05,433.44,593.28,733.03,788.46,821.05,919.18,924.67,960.8,995.79,1056.85,1076.02,1154.1,1183.01,1301.77,1313.52,1349.23,1371.92,1391.26,1450.8,1459.34,1463.51,1463.78,1470.91,1472.37,1487.57,1516.6,3000.36,3042.7,3069.72,3071.43,3074.58,3164.97,3170.92,3175.34,3181.78,3196.13,3196.78,3761.25]                                                                                                                    108.19899999999998 -632.3619611162629  [4.343268076,0.985227169,0.91969037]                        
1DMS1etoh 1DMS1etoh-01000010_1_975 1.0 [-17.11,2.37,22.62,54.3,69.48,137.85,168.81,186.63,257.04,273.1,433.68,608.78,731.97,787.89,815.98,919.57,923.22,963.4,997.86,1056.53,1078.58,1151.35,1181.27,1303.04,1319.38,1349.68,1373.77,1391.61,1450.59,1459.25,1464.36,1464.77,1470.87,1475.9,1487.79,1516.26,3015.1,3056.82,3069.15,3071.85,3074.8,3164.06,3169.15,3177.12,3183.32,3196.72,3197.8,3743.41]                                                                                                                     108.19899999999998 -632.3622069442779  [5.009686133,0.8572012250000001,0.811871947]                
1DMS1etoh 1DMS1etoh-01000010_1_385 1.0 [15.16,31.36,54.35,66.41,79.69,129.67,168.73,184.78,257.92,274.08,434.46,596.69,732.62,787.6,820.88,919.32,924.91,961.08,996.18,1056.86,1077.33,1153.16,1182.43,1301.68,1315.06,1349.13,1371.81,1391.61,1450.37,1458.83,1463.59,1463.92,1470.91,1472.34,1487.29,1515.86,2999.88,3044.52,3069.79,3071.87,3074.74,3164.33,3171.01,3175.95,3182.02,3196.72,3198.42,3756.47]                                                                                                               108.19899999999998 -632.3621107660417  [4.3879748,0.980830962,0.912582728]                         
1DMS1etoh 1DMS1etoh-01000010_1_405 1.0 [21.28,29.41,57.23,64.88,80.15,130.74,166.89,183.7,257.03,273.85,434.49,594.62,732.59,787.79,819.8,919.42,924.36,960.94,996.03,1056.94,1077.22,1153.79,1182.46,1301.57,1314.66,1348.82,1371.55,1391.2,1449.98,1458.39,1462.87,1463.64,1471.09,1472.22,1487.22,1516.15,3001.7,3043.39,3069.86,3072.16,3074.83,3165.37,3171.04,3176.32,3182.34,3196.28,3199.43,3756.78]                                                                                                                  108.19899999999998 -632.3621902837233  [4.3367857270000005,0.992925769,0.928980991]                
1DMS1etoh 1DMS1etoh-01000010_1_772 1.0 [-10.93,7.5,22.66,52.94,69.3,137.34,170.26,188.78,258.04,273.49,433.83,609.09,731.57,787.22,816.77,919.67,923.25,963.29,997.82,1056.57,1078.82,1151.29,1181.69,1303.39,1319.64,1349.41,1373.5,1391.7,1450.42,1459.11,1464.38,1464.68,1470.9,1475.94,1487.92,1516.29,3014.99,3057.13,3068.49,3071.77,3074.81,3163.71,3168.76,3176.65,3182.91,3196.76,3197.69,3743.97]                                                                                                                   108.19899999999998 -632.3622011551115  [4.978627313,0.8503458269999999,0.8046613340000001]         
1DMS1etoh 1DMS1etoh-01000010_1_761 1.0 [28.84,35.14,58.06,67.72,81.14,130.18,169.63,185.67,257.3,273.61,434.35,593.12,732.87,788.3,820.74,919.0,924.8,960.98,996.1,1056.71,1076.44,1153.22,1182.47,1301.02,1312.45,1349.18,1372.12,1390.98,1450.36,1458.98,1463.56,1464.08,1470.07,1472.62,1486.66,1516.26,2999.35,3042.69,3069.53,3072.01,3074.92,3164.55,3171.7,3175.61,3181.8,3195.79,3197.88,3759.83]                                                                                                                     108.19899999999998 -632.3621018597688  [4.315680499,0.992895849,0.933943878]                       
1DMS1etoh 1DMS1etoh-01000010_1_866 1.0 [-10.0,36.49,43.4,75.83,97.6,140.77,180.76,195.93,256.5,276.15,437.87,597.14,731.58,785.42,817.37,922.63,923.5,967.2,1002.31,1059.69,1079.86,1150.96,1181.42,1304.05,1310.01,1348.58,1372.27,1391.55,1450.8,1460.1,1464.49,1466.46,1472.13,1476.05,1487.36,1516.02,3016.96,3059.64,3069.25,3070.88,3073.81,3164.95,3169.57,3178.63,3184.57,3194.99,3197.67,3739.17]                                                                                                                    108.19899999999998 -632.3632022464619  [4.844658174999999,0.902901839,0.851071162]                 
1DMS1etoh 1DMS1etoh-01000010_1_610 1.0 [-6.62,37.88,41.06,77.51,96.53,142.72,180.63,196.41,257.51,275.5,437.88,602.59,732.04,785.53,817.7,922.11,923.43,966.17,1001.7,1059.57,1079.63,1150.9,1181.73,1304.03,1310.62,1348.88,1371.67,1391.65,1450.35,1459.64,1464.54,1466.78,1472.91,1476.34,1487.69,1516.07,3013.0,3057.04,3069.3,3069.96,3073.51,3164.74,3169.42,3176.61,3183.87,3193.69,3198.07,3737.16]                                                                                                                   108.19899999999998 -632.3631758440506  [4.776311812,0.933693697,0.87070776]                        
1DMS1etoh 1DMS1etoh-01000010_1_420 1.0 [-33.53,20.37,48.72,63.45,77.03,130.56,174.05,187.85,257.53,274.17,433.45,590.43,732.87,787.67,818.73,919.51,924.49,961.46,996.61,1057.32,1077.86,1152.11,1180.99,1301.2,1317.62,1349.81,1371.88,1391.43,1450.65,1459.35,1463.72,1464.44,1470.88,1472.84,1487.25,1514.92,3004.95,3049.01,3069.54,3071.27,3074.33,3164.08,3170.93,3176.12,3182.31,3195.93,3197.63,3754.97]                                                                                                              108.19899999999998 -632.3619273342771  [4.578491551,0.95724059,0.87727597]                         
1DMS1etoh 1DMS1etoh-01000010_1_649 1.0 [-31.92,19.62,50.45,62.66,79.08,129.74,175.98,189.86,257.61,274.25,434.15,594.62,732.86,787.77,819.94,919.08,924.77,961.15,996.26,1056.89,1077.64,1153.06,1181.84,1301.53,1316.64,1349.51,1371.84,1391.32,1450.31,1459.15,1463.72,1464.54,1471.19,1472.97,1487.27,1515.09,3003.14,3045.38,3069.04,3070.96,3073.98,3164.05,3170.51,3174.81,3181.15,3195.53,3197.66,3757.16]                                                                                                             108.19899999999998 -632.3618347682811  [4.6124098270000005,0.945683615,0.8703851069999999]         
1DMS1etoh 1DMS1etoh-01000010_1_416 1.0 [-13.43,-11.07,24.56,54.57,68.39,137.08,172.01,188.34,258.01,273.02,433.09,606.0,731.49,787.42,816.7,919.83,922.86,963.4,997.86,1056.64,1078.02,1151.29,1181.74,1303.08,1318.17,1349.84,1373.82,1391.24,1450.69,1459.32,1464.13,1464.54,1470.64,1475.69,1487.55,1516.1,3014.45,3056.78,3068.44,3071.11,3074.07,3163.87,3168.57,3176.22,3182.42,3195.38,3196.96,3746.42]                                                                                                                108.19899999999998 -632.3621948189359  [4.9587202900000005,0.862735037,0.814676805]                
1DMS1etoh 1DMS1etoh-01000010_1_638 1.0 [-15.17,-14.08,27.15,52.1,69.13,136.45,170.18,187.94,258.72,273.83,434.27,610.87,732.03,787.57,817.05,919.63,923.27,962.57,997.2,1056.78,1078.49,1151.65,1181.83,1302.81,1319.39,1349.66,1373.05,1391.53,1450.43,1459.24,1464.45,1464.81,1471.64,1475.7,1487.74,1516.19,3012.47,3055.13,3068.95,3071.07,3074.14,3163.93,3169.03,3175.71,3181.98,3195.66,3198.14,3745.14]                                                                                                               108.19899999999998 -632.3621043015452  [4.970860263,0.860796372,0.805377101]                       
1DMS1meoh 1DMS1meoh-10000010_1_973 1.0 [1.19,40.72,59.13,98.03,115.53,162.26,176.83,195.16,276.06,596.46,731.84,785.93,922.27,965.84,1000.77,1058.97,1110.24,1127.3,1181.52,1348.23,1371.17,1401.92,1450.89,1460.16,1466.36,1473.02,1477.67,1481.18,1498.2,3021.31,3071.46,3074.31,3091.26,3158.62,3178.65,3184.73,3195.54,3197.09,3733.57]                                                                                                                                                                                            94.17199999999997  -593.0998386563507  [5.1715739759999995,1.538232357,1.381357255]                
1DMS1meoh 1DMS1meoh-10000010_1_252 1.0 [2.2,31.23,54.7,102.4,113.35,161.14,176.12,194.51,275.2,594.46,730.84,785.38,921.56,966.39,1001.45,1058.46,1110.6,1127.44,1181.52,1349.39,1371.74,1401.77,1450.79,1460.1,1464.97,1472.79,1477.34,1481.42,1497.65,3021.92,3071.01,3074.71,3092.54,3158.99,3177.4,3185.21,3195.7,3197.98,3733.96]                                                                                                                                                                                                 94.17199999999997  -593.0996098929762  [5.2173030339999995,1.488388798,1.348363542]                
1DMS1meoh 1DMS1meoh-10000010_1_205 1.0 [2.03,56.2,66.19,106.39,118.45,163.3,182.01,197.46,276.66,593.35,731.53,785.24,922.63,967.36,1002.6,1059.63,1109.5,1126.99,1181.79,1347.73,1371.35,1396.86,1450.58,1459.94,1467.54,1474.25,1477.87,1481.47,1497.58,3021.49,3070.22,3073.24,3092.46,3159.85,3177.7,3183.65,3194.3,3197.63,3737.83]                                                                                                                                                                                               94.17199999999997  -593.0999332942943  [5.174174242,1.5553629249999998,1.387677938]                
1DMS1meoh 1DMS1meoh-10000010_1_49  1.0 [4.1,54.05,58.76,105.89,116.62,162.54,180.58,197.89,276.66,593.86,731.29,785.34,922.68,968.04,1002.91,1059.45,1109.01,1127.24,1181.75,1348.68,1371.25,1394.78,1451.23,1460.74,1466.67,1473.29,1477.78,1481.52,1497.77,3022.6,3070.94,3073.9,3093.6,3159.66,3179.19,3185.0,3195.47,3196.43,3737.49]                                                                                                                                                                                              94.17199999999997  -593.0999537625826  [5.226692889,1.5125966860000002,1.368531221]                
1DMS1meoh 1DMS1meoh-10000010_1_485 1.0 [11.9,44.03,74.45,93.73,117.72,163.49,183.08,198.51,276.12,591.48,732.43,786.14,922.43,965.85,1000.97,1059.38,1108.49,1126.63,1182.12,1347.1,1370.9,1402.23,1450.78,1459.91,1467.34,1474.65,1477.43,1481.25,1498.39,3018.72,3070.43,3073.31,3088.97,3159.88,3177.68,3183.48,3193.34,3197.12,3740.38]                                                                                                                                                                                            94.17199999999997  -593.0999448969714  [5.160868593,1.610405675,1.424428622]                       
1DMS1meoh 1DMS1meoh-10000010_1_765 1.0 [17.7,43.84,76.53,95.33,117.82,163.44,181.78,197.7,275.53,592.78,731.97,785.59,922.35,966.42,1001.54,1059.37,1108.44,1127.15,1182.15,1347.1,1370.96,1403.09,1450.59,1459.7,1467.86,1475.2,1477.78,1481.59,1498.52,3019.06,3070.37,3073.42,3089.71,3159.19,3177.43,3183.25,3193.96,3198.04,3740.36]                                                                                                                                                                                              94.17199999999997  -593.0999615109278  [5.148396403,1.620048865,1.430807194]                       
1DMS1meoh 1DMS1meoh-10000010_1_146 1.0 [27.28,44.49,65.82,85.22,107.92,159.51,179.53,198.06,273.57,593.5,732.23,787.31,920.56,963.41,998.44,1057.9,1103.94,1127.09,1182.79,1348.09,1370.91,1403.24,1450.84,1459.53,1466.41,1474.11,1477.33,1481.27,1498.4,3018.58,3071.29,3074.23,3088.57,3159.89,3177.17,3183.24,3195.31,3197.23,3749.81]                                                                                                                                                                                             94.17199999999997  -593.0994788672717  [5.2243130419999995,1.617580177,1.4340358530000001]         
1DMS1meoh 1DMS1meoh-10000010_1_576 1.0 [-12.26,8.72,31.02,80.47,101.5,156.95,169.54,189.08,273.07,600.35,731.48,787.31,919.79,963.13,997.71,1056.71,1105.62,1126.77,1181.68,1349.39,1370.92,1406.99,1450.5,1459.35,1464.9,1471.94,1477.13,1480.08,1497.9,3019.5,3071.44,3074.48,3088.79,3157.49,3176.87,3183.11,3196.65,3197.7,3743.57]                                                                                                                                                                                                94.17199999999997  -593.0990371280445  [5.167696282,1.4736222540000001,1.340820526]                
1DMS1meoh 1DMS1meoh-10000010_1_747 1.0 [-21.38,8.56,27.36,79.48,99.78,157.65,170.74,188.83,272.99,603.93,732.16,788.18,919.75,962.73,997.25,1056.82,1105.92,1127.01,1181.24,1349.21,1371.05,1406.78,1450.51,1459.27,1464.84,1471.94,1477.1,1480.19,1498.17,3018.81,3071.99,3074.96,3087.98,3156.8,3177.13,3183.28,3196.28,3198.23,3743.83]                                                                                                                                                                                             94.17199999999997  -593.0989188667032  [5.200782886,1.467413687,1.332041785]                       
1DMS1meoh 1DMS1meoh-10000010_1_737 1.0 [-42.94,33.79,60.06,88.33,114.55,147.41,170.07,185.79,273.66,585.46,732.6,787.73,919.37,960.79,995.87,1056.74,1104.11,1128.46,1180.17,1348.41,1371.66,1401.22,1450.19,1458.84,1462.47,1470.6,1476.85,1482.83,1496.84,3012.15,3072.39,3075.2,3080.55,3157.36,3176.46,3182.85,3196.71,3198.98,3756.93]                                                                                                                                                                                            94.17199999999997  -593.0987790450102  [4.735338131000001,1.67695886,1.452868827]                  
1DMS1meoh 1DMS1meoh-10000010_1_599 1.0 [-18.28,-13.68,29.97,78.93,99.32,157.06,169.23,189.05,273.03,603.44,732.13,788.11,919.63,962.72,997.3,1056.74,1105.55,1127.2,1181.49,1349.24,1371.21,1407.12,1450.63,1459.4,1465.21,1472.24,1477.19,1480.53,1498.16,3018.17,3071.75,3074.79,3087.25,3157.1,3177.11,3183.26,3196.24,3198.13,3743.7]                                                                                                                                                                                              94.17199999999997  -593.0989120387175  [5.197974449,1.483929995,1.339376889]                       
1TFE      1TFE                     1.0 [114.71,224.47,319.89,384.92,425.8,538.95,553.57,673.6,848.07,953.25,1138.05,1175.85,1210.59,1275.76,1315.47,1385.34,1460.8,1477.52,3076.26,3175.32,3882.32]                                                                                                                                                                                                                                                                                                                                                      100.04020948899999 -452.45217904075946 [5.2912475290000005,2.8150401470000004,2.782543734]         
1TFE1TMP  1TFE1TMP-00100001_1_811  1.0 [3.16,29.26,52.07,62.73,71.98,95.04,173.51,179.04,204.02,211.03,230.16,254.97,256.59,306.28,356.09,424.66,536.08,551.47,667.97,677.53,686.89,746.39,748.34,792.59,844.87,846.1,849.15,954.25,962.3,964.25,979.79,1165.08,1182.47,1195.29,1296.12,1315.49,1317.16,1321.29,1337.66,1443.0,1447.39,1448.82,1451.71,1453.03,1458.26,1459.7,1466.66,1468.92,3062.45,3063.38,3063.66,3064.99,3150.65,3165.96,3167.84,3169.59,3178.98,3182.58,3185.9,3564.22]                     176.11897148700007 -912.9779610641871  [1.83395729,0.496115494,0.47716711500000003]                
1TFE1TMP  1TFE1TMP-00100001_1_414  1.0 [6.58,29.91,53.06,61.51,72.56,94.26,173.56,177.47,203.65,207.61,230.93,255.05,256.5,306.03,356.32,424.77,536.33,552.01,671.52,681.31,687.62,747.27,748.71,793.0,844.58,845.92,849.21,955.26,962.61,964.42,979.76,1164.65,1182.53,1196.51,1295.99,1315.84,1317.5,1321.38,1337.97,1442.88,1447.48,1449.01,1451.58,1453.66,1458.33,1459.42,1467.09,1469.41,3061.53,3062.0,3063.38,3064.89,3150.19,3166.69,3167.18,3169.54,3177.88,3183.16,3185.57,3550.31]                    176.11897148700007 -912.9778682564767  [1.835808229,0.492271773,0.473259335]                       
1TFE1TMP  1TFE1TMP-00100001_1_766  1.0 [7.62,29.88,48.12,61.62,72.11,94.25,173.15,178.29,204.2,209.25,230.56,254.93,256.55,306.61,355.81,424.93,536.2,551.47,669.39,678.81,687.58,747.24,748.72,793.01,844.66,846.31,849.31,954.28,962.55,964.48,980.03,1164.55,1182.64,1195.16,1296.38,1315.89,1317.77,1321.29,1338.09,1443.11,1447.51,1448.81,1451.96,1453.15,1458.58,1459.52,1466.84,1468.73,3062.15,3062.73,3063.46,3064.35,3149.81,3166.33,3167.37,3169.0,3177.88,3183.56,3184.29,3555.88]                   176.11897148700007 -912.9778282504088  [1.8343555870000001,0.49253225500000003,0.47352918499999996]
1TFE1TMP  1TFE1TMP-00100001_1_645  1.0 [2.98,25.0,47.9,49.99,67.98,92.93,173.64,176.57,204.31,206.52,231.45,253.5,254.41,306.77,356.82,425.36,537.8,552.53,666.19,678.12,687.41,746.79,748.54,791.32,845.41,847.07,848.85,957.14,961.8,962.8,979.58,1168.22,1182.95,1193.59,1300.44,1316.95,1318.4,1320.08,1338.84,1442.74,1445.68,1446.84,1451.74,1454.85,1457.79,1458.95,1464.35,1468.58,3060.94,3062.26,3063.29,3064.67,3151.57,3167.32,3167.78,3169.82,3178.24,3179.57,3184.17,3560.5]                        176.11897148700007 -912.9771006003174  [1.8283912089999999,0.45240695799999997,0.43633081399999996]
1TFE1TMP  1TFE1TMP-00100001_1_199  1.0 [4.91,29.9,50.54,52.66,70.44,93.74,173.17,178.04,204.36,208.32,231.58,253.87,254.23,306.54,356.94,425.54,538.37,553.0,667.89,677.92,687.48,747.31,748.71,791.56,845.73,847.11,848.67,957.03,961.98,963.22,979.59,1168.57,1182.67,1194.96,1301.17,1316.82,1318.0,1319.55,1338.5,1442.69,1444.92,1447.44,1451.82,1453.72,1457.64,1458.8,1464.63,1469.54,3061.76,3062.92,3063.03,3065.19,3150.14,3167.29,3167.82,3170.56,3178.33,3179.64,3185.66,3554.27]                     176.11897148700007 -912.9771949758454  [1.8293493699999999,0.453682738,0.436851501]                
1TFE1TMP  1TFE1TMP-00100001_1_847  1.0 [-14.72,12.15,46.07,48.96,67.9,92.75,173.94,177.63,204.81,205.85,231.66,253.74,254.03,306.79,356.93,425.01,536.79,551.63,667.63,678.72,687.39,746.93,748.39,791.17,845.77,847.41,848.84,956.97,961.64,962.99,980.0,1168.03,1183.0,1193.86,1299.86,1316.53,1318.16,1320.32,1338.45,1442.7,1446.14,1446.95,1452.19,1455.24,1457.78,1458.83,1464.61,1468.71,3060.96,3062.42,3063.44,3064.51,3150.86,3167.14,3168.93,3169.27,3178.35,3180.01,3184.33,3557.72]                  176.11897148700007 -912.9770242465173  [1.8261343589999999,0.454346964,0.43797156000000004]        
1TFE1TMP  1TFE1TMP-00100001_1_903  1.0 [-12.87,16.64,43.54,51.22,68.66,91.7,173.63,176.08,203.47,204.27,230.08,252.95,254.7,306.07,357.05,424.89,536.41,552.27,670.15,678.91,687.44,747.07,748.94,791.36,844.53,846.71,849.56,957.04,961.68,962.96,979.41,1168.55,1182.57,1194.11,1300.44,1316.37,1318.03,1319.8,1338.3,1442.57,1446.08,1447.42,1452.65,1453.99,1457.15,1458.96,1464.75,1468.92,3061.52,3062.16,3063.19,3065.32,3150.28,3167.11,3168.28,3170.19,3177.66,3179.04,3186.28,3552.5]                   176.11897148700007 -912.9772603494704  [1.8223023310000002,0.458289846,0.44143394]                 
1TFE1TMP  1TFE1TMP-00100001_1_32   1.0 [-13.56,21.32,41.11,52.04,68.44,95.3,174.26,175.1,201.26,205.21,233.13,253.13,254.12,305.85,357.73,425.45,537.59,552.23,672.44,686.81,689.64,748.08,748.24,791.64,845.03,846.93,848.07,958.28,961.89,963.31,979.6,1166.54,1183.96,1195.57,1297.72,1317.22,1317.3,1320.97,1338.15,1442.91,1446.99,1447.44,1450.36,1457.56,1458.19,1460.3,1465.5,1470.22,3060.41,3062.24,3063.29,3064.04,3152.5,3167.66,3168.32,3168.58,3178.16,3179.46,3184.22,3544.63]                     176.11897148700007 -912.9772423570815  [1.825728188,0.461042353,0.443817454]                       
1TFE1TMP  1TFE1TMP-00100001_1_916  1.0 [-9.8,29.01,41.41,55.58,69.46,96.0,174.57,175.5,201.12,204.89,233.57,252.54,255.37,305.68,358.49,425.17,538.7,552.96,673.45,687.13,696.09,747.21,748.52,791.64,844.08,845.97,849.45,959.44,961.76,963.29,979.5,1165.97,1184.01,1197.64,1296.72,1316.28,1317.67,1320.85,1337.95,1442.72,1445.39,1448.09,1448.68,1457.38,1458.61,1460.97,1465.5,1471.55,3058.73,3061.62,3063.4,3064.81,3153.16,3166.79,3168.37,3170.15,3177.27,3179.69,3185.66,3537.11]                      176.11897148700007 -912.9770879927369  [1.824369854,0.461728164,0.444446545]                       
1TFE1TMP  1TFE1TMP-00100001_1_540  1.0 [-12.79,34.65,37.71,55.13,70.4,100.38,171.87,176.26,203.49,204.8,231.32,254.14,255.78,306.39,359.05,425.12,537.34,552.97,629.62,675.34,687.44,745.57,747.52,790.97,845.63,847.05,847.56,954.69,961.57,962.18,979.57,1167.42,1183.04,1193.52,1298.84,1316.9,1317.37,1319.28,1338.24,1441.53,1442.92,1447.27,1448.55,1455.06,1457.88,1458.34,1464.97,1468.41,3060.61,3061.81,3062.87,3063.44,3153.3,3165.97,3167.17,3168.67,3177.39,3179.79,3183.04,3606.49]                 176.11897148700007 -912.9765865385895  [1.8289434690000002,0.47088083799999997,0.45130969]         
1TFE1tma  1TFE1tma-00101000_1_239  1.0 [1.75,33.88,59.56,77.89,93.57,125.09,216.19,232.55,234.46,265.8,272.02,358.96,414.01,425.05,425.46,429.78,537.11,552.82,675.65,846.06,865.98,915.19,965.78,1071.55,1076.46,1077.47,1122.65,1126.07,1186.08,1188.4,1194.86,1233.98,1307.51,1322.71,1328.6,1331.91,1439.06,1440.2,1452.87,1468.15,1470.56,1471.45,1474.59,1478.7,1492.98,1500.04,1500.25,1538.69,3002.14,3003.41,3007.46,3052.06,3122.5,3126.83,3130.09,3136.25,3170.9,3175.72,3183.86,3278.21]              159.15220948900006 -626.717973067713   [2.1991267,0.59020483,0.570539161]                          
1TFE1tma  1TFE1tma-00101000_1_644  1.0 [2.88,25.94,59.78,77.54,89.19,126.28,218.39,232.1,236.3,264.41,270.68,359.18,413.16,424.6,425.87,429.79,536.65,552.19,675.72,846.39,865.84,925.42,967.3,1071.6,1076.43,1078.03,1122.75,1126.5,1184.7,1189.54,1195.47,1233.92,1306.54,1323.56,1328.94,1332.69,1438.81,1440.21,1453.24,1468.39,1470.09,1472.27,1474.22,1478.36,1492.7,1499.58,1500.2,1538.64,3001.81,3003.01,3007.0,3049.01,3121.47,3127.0,3131.1,3138.15,3169.93,3175.3,3182.13,3262.57]                    159.15220948900006 -626.7181486051109  [2.194321795,0.589268443,0.56915489]                        
1TFE1tma  1TFE1tma-00101000_1_421  1.0 [2.32,30.24,59.75,79.25,91.41,125.45,217.34,233.12,235.57,267.1,272.56,359.08,413.85,424.3,425.6,429.5,537.54,552.66,675.52,846.52,865.85,917.14,966.77,1071.48,1076.44,1077.5,1122.65,1126.19,1185.51,1188.72,1195.32,1233.99,1307.5,1323.55,1328.59,1332.12,1438.8,1440.31,1452.29,1468.42,1470.18,1471.66,1474.7,1478.63,1493.11,1500.19,1500.42,1540.66,3001.97,3003.3,3007.36,3050.41,3121.96,3126.28,3131.03,3136.06,3170.0,3175.16,3183.27,3275.51]                 159.15220948900006 -626.7180149676811  [2.1999096949999997,0.5896612659999999,0.570013652]         
1TFE1tma  1TFE1tma-00101000_1_594  1.0 [17.05,29.13,62.99,84.82,88.78,129.54,213.09,232.69,239.23,265.13,271.35,359.52,414.86,424.51,425.18,429.56,536.97,551.19,675.11,844.71,866.66,940.58,966.33,1072.05,1076.95,1077.99,1122.62,1127.18,1181.43,1189.78,1197.55,1234.48,1302.93,1323.81,1330.6,1331.22,1437.39,1439.7,1452.31,1467.95,1472.07,1474.14,1476.85,1478.03,1495.34,1499.2,1500.83,1538.31,3002.68,3003.56,3007.25,3048.99,3121.14,3125.83,3131.52,3139.47,3172.77,3175.13,3183.16,3247.67]         159.15220948900006 -626.7187437315592  [2.185056627,0.620426661,0.597346704]                       
1TFE1tma  1TFE1tma-00101000_1_572  1.0 [17.97,30.49,63.08,82.83,88.39,129.7,214.85,232.07,238.41,265.9,268.51,359.5,415.1,424.23,425.54,429.44,537.06,550.96,675.24,844.69,866.68,943.65,967.05,1072.13,1076.74,1078.3,1122.74,1127.14,1182.03,1190.03,1198.12,1234.65,1302.73,1324.22,1330.8,1331.07,1437.54,1439.61,1451.96,1468.43,1472.24,1474.23,1476.68,1478.13,1495.37,1499.31,1500.8,1539.17,3002.62,3003.65,3007.12,3048.65,3121.61,3125.64,3132.0,3138.83,3172.88,3175.55,3183.81,3242.72]              159.15220948900006 -626.7188364920362  [2.188444231,0.6194202,0.5965979610000001]                  
1TFE1tma  1TFE1tma-00101000_1_842  1.0 [21.06,33.1,63.46,83.2,88.79,129.13,215.18,231.78,239.24,265.04,270.27,359.35,415.48,424.76,426.11,429.56,537.22,551.12,675.36,844.59,866.86,942.61,966.84,1072.07,1076.75,1078.07,1122.44,1127.12,1181.76,1190.01,1198.28,1234.68,1302.6,1323.7,1330.87,1330.94,1437.47,1439.87,1451.94,1468.43,1472.33,1474.04,1476.69,1478.17,1495.13,1499.37,1500.54,1537.51,3002.43,3003.6,3006.99,3048.83,3121.77,3125.6,3132.01,3139.17,3173.31,3175.91,3183.52,3240.85]            159.15220948900006 -626.7188329474061  [2.1895035259999998,0.618975976,0.596239285]                
1TFE1tma  1TFE1tma-00101000_1_610  1.0 [-16.25,38.81,56.56,81.26,97.59,127.6,214.03,233.25,237.11,270.34,273.33,359.07,414.49,422.68,426.5,429.36,537.63,553.09,674.81,846.55,866.28,913.65,966.12,1071.35,1076.47,1077.97,1122.86,1127.06,1184.72,1188.4,1195.05,1234.12,1306.29,1324.24,1327.61,1332.24,1438.01,1440.56,1452.63,1467.6,1470.45,1473.54,1475.16,1478.3,1493.8,1499.37,1501.15,1535.78,3002.01,3003.15,3007.48,3054.74,3118.6,3126.08,3133.98,3138.44,3167.58,3173.93,3186.78,3282.94]            159.15220948900006 -626.718054524813   [2.1890724770000003,0.5981977439999999,0.5771661299999999]  
1TFE1tma  1TFE1tma-00101000_1_935  1.0 [-9.09,27.55,36.51,49.8,58.3,80.36,127.53,220.55,239.75,264.14,264.7,299.06,368.37,378.32,424.69,425.72,426.61,539.67,554.28,673.49,847.74,868.54,962.02,1071.8,1083.75,1085.51,1123.89,1124.97,1134.64,1173.23,1196.85,1218.84,1278.89,1320.73,1337.69,1339.49,1403.15,1439.47,1440.29,1467.59,1469.06,1471.66,1476.14,1477.27,1488.4,1494.61,1501.27,1502.03,2972.26,2974.06,2983.01,3062.0,3106.92,3109.72,3111.77,3159.17,3164.6,3167.71,3169.3,3889.96]               159.15220948900006 -626.7075986327081  [1.8412841739999999,0.6396403239999999,0.582683075]         
1TMP      1TMP                     3.0 [177.56,205.9,207.49,257.49,257.78,300.21,680.87,736.16,736.31,788.07,843.21,843.29,959.04,959.11,976.39,1313.52,1313.71,1334.89,1444.38,1448.01,1448.18,1459.24,1459.45,1465.46,3055.38,3056.6,3056.94,3159.34,3159.92,3160.02,3173.02,3173.41,3173.47]                                                                                                                                                                                                                                              76.07876199799998  -460.51315276032966 [5.757271590999999,5.7564717309999995,3.6915740259999996]   
1TMP1etoh 1etoh1TMP-01000001_1_473 1.0 [1.62,6.46,27.18,47.53,67.42,111.65,175.81,203.3,204.71,253.82,254.37,259.75,301.36,435.44,623.23,685.82,744.87,744.89,789.97,816.93,844.23,845.38,923.69,960.92,961.14,977.87,1079.45,1154.53,1182.35,1301.16,1315.25,1315.89,1326.49,1336.82,1391.03,1443.28,1447.55,1447.65,1458.13,1458.45,1463.67,1464.84,1474.42,1487.89,1516.58,3004.05,3043.03,3060.09,3061.27,3061.66,3068.1,3162.34,3165.11,3165.74,3166.07,3168.41,3176.93,3177.18,3178.11,3705.1]              122.14776199799996 -615.3969515460437  [3.216793893,0.655386342,0.644065396]                       
1TMP1etoh 1etoh1TMP-01000001_1_515 1.0 [2.7,4.99,24.54,48.16,67.84,114.04,175.38,203.2,203.88,253.63,254.18,258.78,301.41,435.21,621.49,685.49,744.38,744.82,789.58,817.42,844.17,845.23,923.93,960.64,960.82,977.78,1079.15,1155.06,1182.57,1300.93,1314.95,1315.85,1326.62,1336.65,1391.19,1443.28,1447.4,1447.6,1458.14,1458.46,1463.6,1464.73,1474.43,1487.88,1516.66,3001.86,3040.71,3060.14,3061.27,3061.78,3068.02,3162.43,3165.19,3165.72,3166.24,3168.38,3176.62,3177.13,3178.04,3707.53]                122.14776199799996 -615.3969096739592  [3.231147885,0.672437454,0.6602720510000001]                
1TMP1etoh 1etoh1TMP-01000001_1_154 1.0 [2.57,8.5,16.55,47.43,68.2,114.51,177.43,204.66,206.19,253.71,254.58,258.58,301.27,435.23,618.63,685.89,744.68,745.46,790.23,816.87,844.48,845.86,923.89,961.1,961.6,977.99,1079.35,1154.63,1182.2,1301.3,1315.21,1316.04,1326.2,1336.94,1391.16,1443.52,1447.45,1448.63,1458.17,1459.03,1463.36,1465.31,1474.3,1487.9,1516.82,3002.86,3042.51,3059.62,3061.15,3061.71,3067.76,3162.15,3164.62,3165.79,3166.45,3168.34,3175.28,3177.56,3177.9,3706.54]                     122.14776199799996 -615.3969360350376  [3.283737734,0.675150123,0.660927553]                       
1TMP1etoh 1etoh1TMP-01000001_1_598 1.0 [4.43,7.02,21.82,47.48,68.83,115.56,174.98,202.75,203.36,253.63,254.06,259.07,301.61,435.37,620.23,685.37,744.18,744.68,789.74,817.35,844.38,846.06,923.72,960.82,961.2,977.94,1079.05,1155.09,1182.31,1301.39,1314.92,1315.87,1326.39,1336.67,1390.97,1443.3,1447.2,1447.91,1458.04,1458.7,1463.56,1464.81,1474.08,1487.67,1516.05,3000.69,3039.5,3059.72,3061.26,3061.9,3068.03,3162.42,3164.57,3165.97,3166.63,3169.04,3175.8,3177.76,3178.29,3707.57]                  122.14776199799996 -615.3969611376401  [3.249986068,0.6794913810000001,0.669309143]                
1TMP1etoh 1etoh1TMP-01000001_1_180 1.0 [3.1,9.4,22.73,48.35,68.07,115.71,175.18,202.64,203.47,253.73,255.79,257.64,300.62,434.83,597.77,684.95,742.99,744.56,790.15,817.21,843.61,845.54,924.04,960.65,961.41,977.57,1077.9,1153.62,1182.11,1301.01,1313.77,1315.67,1322.22,1336.43,1391.02,1443.2,1447.12,1447.8,1458.05,1458.39,1463.74,1464.64,1472.87,1487.43,1516.28,3001.22,3042.04,3059.37,3060.44,3061.44,3068.34,3163.28,3164.43,3165.9,3166.34,3169.26,3175.6,3177.67,3178.03,3721.46]                  122.14776199799996 -615.3968059133748  [3.343706987,0.702940032,0.685980638]                       
1TMP1etoh 1etoh1TMP-01000001_1_137 1.0 [1.81,16.28,27.36,46.95,66.97,113.2,178.87,203.48,209.47,253.25,255.46,258.81,300.72,434.48,603.82,685.51,743.78,745.53,790.49,816.93,844.7,845.45,923.73,961.0,962.21,977.93,1078.28,1153.42,1182.32,1301.95,1314.1,1315.61,1322.99,1336.5,1391.13,1443.4,1447.57,1448.6,1458.16,1458.73,1463.82,1465.33,1473.42,1487.55,1516.55,3004.74,3046.15,3059.75,3061.14,3061.78,3068.26,3162.58,3164.95,3165.79,3166.51,3168.68,3176.0,3177.42,3178.61,3713.3]                   122.14776199799996 -615.396805896832   [3.3496723090000002,0.683615368,0.664995215]                
1TMP1etoh 1etoh1TMP-01000001_1_365 1.0 [1.18,20.99,35.68,50.04,67.65,113.35,181.1,205.53,212.2,252.93,256.06,258.43,300.12,433.52,585.59,685.41,743.88,745.17,790.72,816.78,844.88,845.73,923.3,961.23,962.36,978.35,1076.89,1152.79,1182.32,1301.96,1312.72,1315.51,1319.45,1336.53,1390.82,1443.39,1447.59,1449.59,1458.24,1458.73,1463.92,1465.9,1471.95,1487.16,1516.71,3009.26,3050.74,3059.05,3060.7,3061.32,3068.32,3163.32,3164.24,3165.37,3166.16,3168.94,3175.26,3177.07,3178.77,3723.82]               122.14776199799996 -615.3968103503361  [3.439106064,0.70056716,0.677047046]                        
1TMP1etoh 1etoh1TMP-01000001_1_682 1.0 [4.18,13.14,22.17,47.34,68.27,113.92,175.47,203.26,204.64,253.7,254.86,258.61,301.52,434.99,616.55,685.57,744.12,744.76,790.03,816.67,844.34,845.66,923.87,960.86,961.36,978.06,1078.95,1155.05,1182.46,1301.52,1314.89,1316.0,1325.37,1336.86,1390.95,1443.46,1447.36,1447.89,1458.35,1458.65,1463.72,1464.93,1473.95,1487.75,1516.47,3003.29,3043.27,3059.96,3061.11,3061.5,3067.86,3162.58,3165.03,3165.67,3166.09,3168.51,3176.58,3176.81,3178.51,3708.27]             122.14776199799996 -615.3967882111909  [3.2711720140000002,0.670557659,0.6561314159999999]         
1TMP1etoh 1etoh1TMP-01000001_1_333 1.0 [7.91,12.83,14.11,46.33,68.18,114.04,177.06,202.98,207.56,253.29,254.64,258.51,300.87,434.8,608.02,685.71,744.29,745.44,789.98,816.41,844.5,845.93,923.78,960.87,961.69,978.08,1078.84,1154.09,1182.18,1301.97,1314.51,1315.81,1324.22,1336.61,1391.0,1443.35,1447.46,1448.22,1457.99,1458.87,1463.8,1465.08,1473.86,1487.62,1516.72,3003.7,3044.94,3059.6,3061.11,3061.61,3068.01,3162.75,3164.42,3165.77,3166.46,3168.55,3175.44,3177.83,3178.53,3708.97]                122.14776199799996 -615.3967791652728  [3.3250643060000002,0.680386288,0.663435308]                
1TMP1etoh 1etoh1TMP-01000001_1_385 1.0 [6.54,15.07,17.84,44.58,68.4,113.82,174.5,202.14,204.32,253.76,254.56,258.47,301.48,435.23,609.79,685.41,743.37,745.12,790.12,816.63,844.41,845.99,923.92,960.76,961.61,977.92,1078.72,1154.42,1182.1,1301.52,1314.55,1316.06,1324.49,1336.77,1391.29,1443.43,1447.27,1448.2,1458.27,1458.78,1463.99,1465.06,1473.84,1487.69,1516.58,3003.52,3043.3,3059.61,3060.81,3061.45,3067.97,3162.3,3164.93,3165.47,3165.92,3168.56,3175.74,3177.8,3178.01,3710.29]                 122.14776199799996 -615.3968571026271  [3.295931872,0.6801083539999999,0.664798541]                
1TMP1etoh 1etoh1TMP-01000001_1_290 1.0 [7.1,9.75,25.36,50.89,69.67,117.02,174.76,202.03,204.08,254.47,255.24,257.42,301.44,433.76,602.09,685.35,743.5,745.13,790.26,817.26,844.14,845.55,924.41,960.75,961.25,977.67,1077.29,1154.16,1182.35,1300.48,1314.17,1316.35,1322.93,1336.98,1391.02,1443.53,1447.13,1447.6,1458.32,1458.74,1463.77,1464.55,1472.84,1487.35,1516.62,2999.64,3040.34,3059.94,3060.96,3061.87,3068.41,3163.36,3164.52,3165.19,3166.05,3169.49,3176.06,3177.29,3178.38,3722.49]              122.14776199799996 -615.3968164538487  [3.3339188220000002,0.718695659,0.701685927]                
1TMP1etoh 1etoh1TMP-01000001_1_490 1.0 [1.43,20.14,40.73,54.22,70.95,113.18,180.32,204.93,212.7,252.64,255.69,257.75,298.97,432.58,574.15,685.35,743.75,745.48,791.17,816.37,844.96,845.51,922.84,961.38,962.7,978.37,1076.64,1151.02,1181.78,1301.51,1310.77,1314.56,1318.47,1335.92,1391.18,1443.27,1447.97,1450.05,1458.37,1458.84,1464.05,1466.33,1471.78,1487.35,1516.77,3012.37,3053.79,3058.95,3060.27,3061.16,3069.04,3163.71,3163.95,3165.16,3165.62,3168.92,3176.39,3177.23,3178.38,3728.24]            122.14776199799996 -615.3967940630498  [3.563815307,0.70802398,0.681555394]                        
1TMP1etoh 1etoh1TMP-01000001_1_391 1.0 [2.24,19.84,40.23,52.62,69.77,113.92,180.2,205.15,213.9,252.6,255.89,259.48,299.49,432.8,575.68,685.39,743.71,745.45,791.09,816.43,845.17,845.53,922.81,961.41,962.6,978.44,1076.82,1151.55,1182.05,1301.48,1312.25,1314.93,1319.23,1336.32,1390.91,1443.4,1448.03,1449.74,1458.53,1458.72,1463.74,1466.07,1471.73,1487.22,1516.61,3011.59,3052.8,3059.04,3060.48,3061.12,3068.58,3163.55,3164.2,3165.16,3165.6,3168.47,3175.9,3177.24,3178.01,3726.92]                    122.14776199799996 -615.3968031244945  [3.4927494080000003,0.7090232190000001,0.683233381]         
1TMP1etoh 1etoh1TMP-01000001_1_557 1.0 [6.73,18.0,29.42,51.79,69.41,116.83,174.7,202.21,203.95,254.28,254.97,258.5,301.14,433.98,603.76,685.24,743.28,744.92,789.78,818.38,843.87,845.6,924.01,960.6,960.98,977.61,1077.53,1154.57,1182.76,1301.94,1314.22,1316.24,1323.94,1336.85,1391.26,1443.17,1447.21,1447.7,1457.96,1458.46,1463.96,1464.65,1473.55,1487.66,1516.35,2997.64,3040.82,3059.63,3060.74,3061.55,3068.58,3163.28,3164.51,3165.49,3166.13,3169.51,3175.65,3176.45,3177.74,3721.76]                122.14776199799996 -615.3968324367951  [3.33451485,0.7149244720000001,0.6977399440000001]          
1TMP1etoh 1etoh1TMP-01000001_1_139 1.0 [8.68,13.67,25.37,49.33,69.43,109.31,175.26,203.42,204.9,253.69,254.45,259.0,301.61,436.2,624.94,685.61,744.65,745.0,789.85,816.8,844.57,845.91,923.69,961.03,961.29,978.21,1080.23,1154.88,1182.23,1302.25,1314.9,1315.28,1325.96,1336.37,1390.96,1443.29,1447.24,1447.42,1458.17,1458.49,1463.88,1464.64,1474.29,1487.69,1516.23,3006.75,3046.72,3060.29,3061.44,3061.89,3067.63,3162.11,3165.19,3166.23,3167.12,3168.45,3177.05,3178.07,3179.09,3702.25]                122.14776199799996 -615.3968635809836  [3.232644581,0.6319512519999999,0.622735948]                
1TMP1etoh 1etoh1TMP-01000001_1_142 1.0 [10.39,19.65,29.17,53.42,70.2,117.24,173.44,201.19,203.57,254.55,255.02,258.62,301.33,433.79,602.2,685.55,743.38,745.35,789.91,818.31,843.8,845.45,924.4,960.66,961.04,977.59,1077.32,1154.74,1182.86,1301.3,1313.86,1316.24,1322.96,1336.82,1391.0,1443.15,1447.57,1447.68,1457.9,1458.51,1463.76,1464.82,1472.92,1487.27,1516.4,2998.14,3040.08,3059.88,3060.93,3061.6,3068.64,3163.45,3164.86,3165.72,3166.33,3169.75,3176.25,3176.93,3177.61,3723.75]                  122.14776199799996 -615.3968167965006  [3.341364761,0.721632954,0.703934931]                       
1TMP1etoh 1etoh1TMP-01000001_1_443 1.0 [12.13,13.81,40.25,50.71,69.16,114.98,178.44,204.05,209.31,254.09,254.74,258.76,301.84,434.31,606.42,685.26,743.21,745.08,789.86,817.98,844.32,845.65,924.13,960.64,961.42,977.49,1078.01,1154.59,1182.36,1301.51,1314.09,1316.0,1323.83,1336.64,1390.96,1443.33,1447.47,1448.17,1458.0,1458.94,1463.55,1465.11,1472.98,1487.31,1516.48,3002.1,3041.82,3059.47,3061.09,3061.74,3068.05,3162.47,3163.99,3165.82,3166.27,3169.25,3175.91,3177.53,3178.06,3719.97]            122.14776199799996 -615.396942562132   [3.30732238,0.7009305809999999,0.689239975]                 
1TMP1etoh 1etoh1TMP-01000001_1_206 1.0 [11.54,20.66,29.44,52.03,70.65,117.52,173.08,201.71,202.02,254.39,255.38,258.17,301.62,433.39,599.56,685.1,742.91,744.62,789.87,817.83,843.96,845.42,924.41,960.61,960.93,977.64,1077.22,1154.2,1182.59,1301.02,1313.88,1315.87,1322.57,1336.62,1391.09,1443.36,1447.48,1447.78,1458.18,1458.66,1463.82,1464.86,1472.78,1487.48,1516.66,2998.85,3039.69,3059.83,3060.96,3061.52,3068.71,3163.31,3164.75,3165.86,3166.27,3169.39,3176.64,3177.44,3178.03,3724.18]           122.14776199799996 -615.396840201498   [3.3382024649999997,0.725198319,0.708086025]                
1TMP1etoh 1etoh1TMP-01000001_1_146 1.0 [14.43,18.79,30.0,52.84,70.59,117.55,175.72,203.06,204.8,254.64,255.79,258.12,301.77,433.86,599.09,685.15,742.94,744.6,790.01,817.93,844.34,845.67,924.39,960.57,961.25,977.89,1077.26,1154.09,1182.51,1301.06,1313.85,1315.91,1322.62,1336.65,1391.34,1443.13,1447.17,1447.64,1457.96,1458.44,1463.84,1464.64,1472.91,1487.48,1516.51,2999.68,3040.79,3059.72,3060.72,3061.77,3068.52,3163.06,3164.6,3165.51,3166.3,3169.23,3176.09,3177.16,3178.23,3724.75]              122.14776199799996 -615.3968387911619  [3.3444769510000003,0.723842977,0.706146954]                
1TMP1etoh 1etoh1TMP-01000001_1_485 1.0 [-5.6,3.41,20.54,46.23,67.85,113.73,174.91,202.6,203.45,253.85,254.13,258.77,300.97,434.45,610.3,685.52,743.86,745.37,789.78,816.99,843.79,845.81,923.95,960.87,961.2,977.62,1078.4,1154.44,1182.11,1301.68,1314.34,1316.16,1324.15,1336.74,1391.22,1443.27,1447.31,1447.84,1458.07,1458.58,1463.71,1464.84,1473.57,1487.66,1516.12,3002.62,3042.68,3059.9,3061.26,3061.85,3068.0,3162.38,3164.9,3165.85,3166.44,3168.81,3175.82,3177.86,3178.05,3712.72]                  122.14776199799996 -615.3968577751588  [3.2912121229999998,0.684012869,0.6697157]                  
1TMP1etoh 1etoh1TMP-01000001_1_580 1.0 [8.76,25.1,43.89,61.83,72.87,114.77,182.12,205.92,217.49,253.19,257.15,259.46,300.2,431.11,556.92,685.2,743.23,744.72,791.52,815.99,845.54,846.0,922.89,961.44,963.02,978.79,1075.76,1151.11,1181.57,1300.17,1311.84,1314.86,1318.09,1336.05,1390.62,1443.22,1448.03,1450.21,1458.29,1458.54,1463.88,1466.35,1470.29,1486.68,1516.18,3014.45,3055.59,3058.24,3060.04,3060.7,3068.36,3162.97,3163.14,3164.6,3165.15,3168.62,3175.64,3176.71,3178.55,3740.58]                122.14776199799996 -615.396843288605   [3.494310726,0.725826866,0.6978476339999999]                
1TMP1etoh 1etoh1TMP-01000001_1_539 1.0 [-20.29,7.43,11.55,48.75,68.21,110.67,176.32,203.3,205.55,253.65,254.55,258.93,301.11,435.55,623.29,685.77,744.76,745.28,790.22,816.96,844.47,845.54,923.87,961.19,961.32,978.08,1079.91,1155.13,1182.33,1302.07,1315.1,1315.8,1326.34,1336.7,1391.12,1443.43,1447.43,1447.88,1458.25,1458.69,1463.69,1464.93,1474.3,1487.73,1516.23,3004.73,3044.56,3060.07,3061.28,3061.53,3067.6,3161.91,3165.0,3165.69,3166.14,3167.83,3177.3,3177.55,3177.85,3702.86]                 122.14776199799996 -615.3968324240998  [3.2309230980000003,0.647187038,0.63583478]                 
1TMP1etoh 1etoh1TMP-01000001_1_88  1.0 [-8.14,6.84,17.82,47.21,67.34,111.88,175.78,203.64,204.71,253.58,254.19,258.84,301.67,435.16,623.08,685.64,744.17,745.11,789.71,816.64,844.18,845.92,923.77,960.89,960.98,978.05,1079.52,1155.13,1182.2,1301.32,1314.73,1316.02,1326.88,1336.58,1391.14,1443.4,1447.05,1447.51,1458.14,1458.71,1463.78,1464.55,1474.45,1487.62,1516.14,3003.34,3042.6,3060.3,3061.54,3061.9,3067.86,3162.18,3165.24,3165.99,3166.51,3168.68,3176.88,3177.93,3178.47,3704.07]               122.14776199799996 -615.3969098180218  [3.2153405590000004,0.656009383,0.645205685]                
1TMP1etoh 1etoh1TMP-01000001_1_95  1.0 [-13.02,8.02,15.48,47.73,68.06,109.63,176.99,204.46,206.0,253.82,254.86,259.56,301.96,435.3,627.44,685.6,744.6,744.67,790.07,816.82,844.63,846.27,923.63,961.1,961.26,978.4,1079.8,1154.89,1182.02,1301.75,1314.8,1316.24,1326.52,1336.73,1391.15,1443.19,1447.26,1447.44,1458.18,1458.33,1463.42,1464.66,1474.69,1488.05,1516.35,3004.8,3043.63,3060.3,3061.48,3061.79,3067.63,3162.18,3165.22,3165.89,3166.62,3167.71,3176.6,3176.83,3178.32,3703.46]                    122.14776199799996 -615.3968803706641  [3.213283932,0.642185062,0.6317591969999999]                
1TMP1etoh 1etoh1TMP-01000001_1_692 1.0 [17.02,24.31,52.4,66.96,88.57,117.65,184.24,207.89,219.03,254.0,257.46,259.92,300.06,427.38,524.85,684.99,742.24,744.37,791.96,815.18,845.86,846.47,922.4,961.44,963.38,979.29,1074.65,1148.1,1180.06,1296.43,1311.62,1313.54,1317.95,1335.36,1390.91,1443.47,1448.54,1450.45,1459.01,1459.09,1463.59,1466.28,1469.2,1487.06,1518.24,3020.1,3058.4,3059.38,3060.36,3061.34,3068.36,3163.1,3163.42,3164.07,3164.48,3168.16,3176.42,3177.44,3177.89,3759.62]                 122.14776199799996 -615.3968230326154  [3.538129268,0.764147518,0.7297136719999999]                
1TMP1etoh 1etoh1TMP-01000001_1_661 1.0 [-22.0,11.94,21.22,46.26,67.55,113.09,175.58,202.99,204.44,253.93,255.24,259.08,301.3,434.65,605.32,685.46,743.6,745.08,790.16,817.01,844.26,845.98,923.84,960.97,961.52,977.92,1078.61,1154.28,1182.12,1301.86,1314.3,1316.01,1323.6,1336.74,1391.03,1443.47,1447.46,1447.76,1458.12,1459.08,1463.95,1464.86,1473.61,1487.61,1516.2,3003.52,3044.07,3059.53,3060.81,3061.37,3068.31,3162.82,3164.33,3165.77,3166.56,3168.79,3176.09,3177.85,3178.4,3714.14]               122.14776199799996 -615.3967667036093  [3.333381728,0.682782867,0.666425713]                       
1TMP1etoh 1etoh1TMP-01000001_1_951 1.0 [-48.92,13.9,37.02,66.62,82.23,123.26,176.01,201.76,207.55,253.84,256.58,263.85,299.57,392.99,471.81,684.92,742.16,744.9,790.75,803.54,845.33,846.33,917.56,960.31,962.16,978.49,1082.01,1136.44,1158.63,1292.18,1314.98,1315.76,1336.23,1352.57,1387.84,1441.67,1446.58,1448.2,1448.61,1456.01,1458.48,1464.06,1465.81,1483.41,1507.54,3033.55,3059.78,3060.89,3061.19,3062.65,3080.94,3155.26,3164.69,3165.24,3165.35,3167.26,3175.76,3177.12,3180.06,3762.65]           122.14776199799996 -615.3958214591912  [3.181109964,0.842494207,0.806672088]                       
1TMP1etoh 1etoh1TMP-01000001_1_946 1.0 [-27.56,37.58,41.75,61.02,73.2,97.46,174.83,203.14,211.92,251.22,260.33,261.44,291.75,303.12,424.65,680.86,735.28,738.06,790.27,822.56,843.09,846.86,921.05,958.86,960.68,977.41,1052.96,1133.07,1182.42,1260.04,1310.77,1313.22,1318.08,1338.18,1391.21,1443.9,1448.16,1451.25,1457.88,1459.59,1463.71,1464.85,1468.67,1488.59,1521.34,3031.43,3055.58,3056.79,3058.78,3071.65,3085.23,3158.07,3159.84,3160.81,3168.63,3170.16,3172.86,3177.04,3178.08,3907.6]            122.14776199799996 -615.3933175527568  [3.100928696,0.816849975,0.728341349]                       
1TMP1meoh 1meoh1TMP-10000001_1_965 1.0 [2.25,5.93,20.6,79.81,103.49,138.32,175.65,202.85,204.91,253.92,254.05,302.27,618.07,685.67,743.91,745.7,789.65,843.82,845.98,960.86,961.14,977.9,1107.98,1129.42,1181.08,1315.58,1316.06,1336.64,1411.94,1443.14,1447.2,1447.55,1457.9,1458.43,1464.77,1474.28,1480.3,1497.74,3009.31,3060.25,3061.46,3062.07,3074.85,3152.56,3164.74,3166.58,3167.0,3176.27,3178.11,3178.3,3708.61]                                                                                               108.12076199799998 -576.1336812047857  [3.365692003,1.0957400640000001,1.06322781]                 
1TMP1meoh 1meoh1TMP-10000001_1_770 1.0 [2.39,7.14,18.18,80.09,99.58,137.7,176.09,203.84,205.53,253.5,254.32,302.12,612.39,685.53,743.73,745.72,789.97,844.09,846.52,961.05,961.44,978.16,1107.47,1129.62,1181.53,1315.28,1316.12,1336.55,1410.35,1443.35,1447.34,1447.54,1457.96,1458.83,1464.88,1474.91,1480.57,1497.86,3009.88,3060.1,3061.4,3061.9,3075.94,3152.9,3165.12,3166.03,3166.99,3176.74,3178.22,3178.45,3709.57]                                                                                              108.12076199799998 -576.1336226184898  [3.396810858,1.099420983,1.061985528]                       
1TMP1meoh 1meoh1TMP-10000001_1_630 1.0 [2.53,10.38,22.76,79.8,98.07,139.46,176.21,203.31,206.99,253.75,254.45,302.76,615.52,685.55,744.16,745.37,789.8,844.4,846.01,961.03,961.15,978.09,1108.25,1129.47,1181.0,1315.25,1315.98,1336.47,1412.12,1443.28,1447.41,1448.07,1457.99,1458.8,1465.04,1474.28,1479.66,1498.29,3009.25,3060.12,3061.5,3062.0,3074.59,3152.61,3165.34,3166.41,3167.01,3175.89,3177.8,3178.98,3707.28]                                                                                               108.12076199799998 -576.1337378160856  [3.35871076,1.0948347040000002,1.0627057400000002]          
1TMP1meoh 1meoh1TMP-10000001_1_405 1.0 [2.15,10.17,26.06,77.72,100.02,137.35,175.31,202.85,204.48,253.42,254.82,301.91,613.83,685.58,744.64,745.25,790.04,844.2,845.26,960.96,961.49,977.71,1107.61,1129.06,1181.44,1315.83,1316.2,1336.96,1410.62,1443.44,1447.46,1448.32,1458.29,1458.7,1465.09,1474.37,1480.1,1498.24,3009.92,3059.79,3061.15,3061.76,3076.51,3152.91,3164.8,3165.93,3166.36,3175.35,3177.38,3178.82,3709.61]                                                                                           108.12076199799998 -576.1335935540516  [3.390844584,1.093964878,1.054421096]                       
1TMP1meoh 1meoh1TMP-10000001_1_783 1.0 [1.52,17.61,20.15,77.94,102.65,136.1,177.55,204.48,207.32,253.42,255.41,301.92,602.28,685.47,744.13,745.22,790.59,845.21,845.95,961.37,962.05,978.51,1106.47,1128.71,1181.75,1315.46,1315.94,1336.63,1407.04,1443.41,1447.51,1448.75,1458.28,1458.84,1465.39,1474.75,1480.43,1498.63,3012.18,3059.48,3061.07,3061.66,3079.44,3153.78,3164.89,3165.78,3166.49,3176.19,3177.66,3178.26,3713.26]                                                                                       108.12076199799998 -576.1336407448957  [3.467303856,1.0990789460000001,1.0505329300000001]         
1TMP1meoh 1meoh1TMP-10000001_1_685 1.0 [1.61,16.48,24.29,79.74,98.02,138.0,177.26,203.47,208.93,253.34,254.84,301.98,607.98,685.65,744.26,745.5,790.36,844.71,846.03,961.22,961.86,978.14,1107.25,1129.05,1181.37,1315.58,1315.9,1336.63,1408.98,1443.54,1447.58,1448.14,1458.28,1459.06,1465.08,1475.17,1480.49,1498.67,3011.12,3059.59,3061.23,3061.95,3077.75,3153.22,3164.4,3166.15,3166.96,3175.77,3178.32,3179.0,3710.83]                                                                                            108.12076199799998 -576.1336649054381  [3.4412055340000003,1.1060119019999999,1.061831317]         
1TMP1meoh 1meoh1TMP-10000001_1_930 1.0 [2.24,15.3,25.79,80.92,100.24,138.76,176.7,203.66,206.49,253.6,254.86,302.23,610.67,685.47,743.99,745.36,790.11,844.4,846.05,961.02,961.52,978.1,1107.64,1128.93,1181.15,1315.5,1316.25,1336.73,1409.98,1443.27,1447.24,1447.85,1458.02,1458.67,1464.92,1474.76,1480.26,1498.16,3010.12,3059.83,3061.09,3061.48,3076.41,3152.55,3165.11,3165.7,3166.27,3175.42,3177.72,3178.53,3709.87]                                                                                             108.12076199799998 -576.1336514806178  [3.4133606289999996,1.10087674,1.061540534]                 
1TMP1meoh 1meoh1TMP-10000001_1_86  1.0 [3.72,11.67,16.58,81.59,104.5,132.92,175.26,203.59,204.91,253.52,254.72,302.12,616.93,685.85,744.66,745.79,790.25,844.68,846.18,961.11,961.88,978.3,1111.17,1129.66,1181.62,1315.53,1316.14,1336.68,1410.04,1442.89,1447.17,1447.29,1457.65,1458.34,1464.51,1475.02,1480.32,1498.57,3012.77,3060.6,3061.84,3061.97,3079.67,3152.03,3165.88,3166.5,3167.14,3177.16,3177.69,3178.64,3704.09]                                                                                          108.12076199799998 -576.1336290903135  [3.33101507,1.014715426,0.9933690550000001]                 
1TMP1meoh 1meoh1TMP-10000001_1_371 1.0 [4.46,13.74,17.33,79.75,98.7,134.75,174.78,203.15,204.9,254.04,254.54,302.78,619.61,685.64,744.49,745.29,790.21,844.88,845.84,961.2,961.42,978.33,1110.09,1129.75,1180.98,1315.72,1315.99,1336.67,1411.8,1443.26,1447.58,1447.75,1458.09,1458.67,1465.0,1474.52,1479.83,1498.49,3011.46,3060.17,3061.48,3061.89,3077.79,3151.75,3164.85,3166.35,3167.07,3176.91,3177.56,3178.61,3704.68]                                                                                            108.12076199799998 -576.1337176271352  [3.285293672,1.038778291,1.0130531999999999]                
1TMP1meoh 1meoh1TMP-10000001_1_673 1.0 [4.28,11.49,26.75,81.08,104.56,139.74,174.64,202.83,203.63,253.53,255.13,302.38,610.97,685.55,743.81,745.57,789.65,843.86,846.04,960.81,961.23,977.99,1107.59,1129.24,1181.45,1315.54,1315.83,1336.55,1409.76,1443.33,1447.34,1447.49,1457.98,1458.72,1464.85,1474.48,1480.43,1497.31,3009.45,3060.03,3061.49,3062.1,3075.42,3153.24,3164.89,3166.58,3167.28,3176.5,3178.28,3178.88,3712.29]                                                                                        108.12076199799998 -576.1336555666632  [3.415382882,1.1046768569999998,1.0677913049999999]         
1TMP1meoh 1meoh1TMP-10000001_1_518 1.0 [3.98,15.57,24.16,80.0,99.89,138.16,176.41,204.26,205.24,253.99,254.82,302.59,614.21,685.47,744.34,744.8,790.2,844.59,845.5,961.1,961.32,977.93,1106.75,1129.9,1181.32,1315.46,1315.95,1336.59,1411.38,1443.31,1447.24,1447.59,1458.18,1458.5,1464.68,1474.05,1479.86,1498.16,3008.89,3059.75,3060.92,3061.26,3074.78,3152.03,3164.81,3165.43,3165.56,3177.04,3177.28,3177.88,3711.55]                                                                                              108.12076199799998 -576.1336559254444  [3.345027891,1.097412429,1.063673665]                       
1TMP1meoh 1meoh1TMP-10000001_1_609 1.0 [8.17,13.42,17.87,80.01,101.86,137.73,175.29,203.44,204.7,253.68,254.04,302.25,624.04,685.68,744.47,745.34,789.87,843.95,846.01,960.95,961.33,978.2,1111.66,1129.91,1180.85,1315.62,1315.92,1336.61,1411.76,1443.2,1447.15,1447.34,1457.95,1458.59,1464.58,1474.64,1480.33,1498.4,3011.28,3060.57,3061.83,3062.01,3077.43,3151.51,3165.26,3166.62,3167.03,3176.84,3178.48,3178.91,3699.14]                                                                                          108.12076199799998 -576.1336541377813  [3.3070668949999997,1.034416985,1.008283893]                
1TMP1meoh 1meoh1TMP-10000001_1_149 1.0 [10.28,10.59,22.45,78.21,99.1,136.65,175.39,203.85,204.54,253.92,254.1,302.67,624.29,685.72,744.5,745.38,789.81,844.55,845.7,960.92,961.28,978.18,1110.85,1130.21,1181.11,1315.64,1315.7,1336.45,1413.32,1443.3,1447.39,1447.59,1458.13,1458.61,1464.78,1474.64,1479.99,1498.81,3010.59,3060.62,3061.74,3062.27,3076.29,3151.52,3165.44,3166.45,3167.44,3177.1,3177.93,3178.92,3700.98]                                                                                             108.12076199799998 -576.1337260824636  [3.2879468820000004,1.052357513,1.025233911]                
1TMP1meoh 1meoh1TMP-10000001_1_693 1.0 [7.02,20.25,28.46,79.41,102.98,138.65,176.46,203.77,206.25,253.74,254.72,302.04,611.5,685.68,744.4,745.43,790.29,844.41,845.92,961.14,961.73,978.12,1107.75,1128.93,1181.44,1315.42,1316.03,1336.64,1410.51,1443.43,1447.7,1448.48,1458.21,1458.88,1465.3,1474.42,1480.13,1498.35,3010.35,3059.79,3061.17,3061.66,3076.97,3153.08,3165.23,3165.93,3166.54,3176.08,3177.86,3178.38,3709.07]                                                                                          108.12076199799998 -576.1336411231731  [3.404159482,1.0965051989999999,1.0551797779999998]         
1TMP1meoh 1meoh1TMP-10000001_1_7   1.0 [9.66,15.71,25.36,79.51,101.31,138.11,175.8,203.88,204.98,253.91,254.22,302.58,620.82,685.59,744.59,744.96,789.81,844.48,845.7,961.01,961.06,978.27,1110.57,1130.07,1181.18,1315.61,1315.77,1336.51,1412.54,1442.83,1447.16,1447.32,1457.64,1458.21,1464.56,1474.35,1480.04,1498.62,3010.86,3060.47,3061.59,3062.22,3076.58,3151.46,3165.26,3166.09,3167.24,3176.75,3177.61,3178.88,3702.1]                                                                                         108.12076199799998 -576.1336966372612  [3.2941326699999998,1.049514378,1.022028149]                
1TMP1meoh 1meoh1TMP-10000001_1_648 1.0 [4.72,20.44,32.63,80.99,106.45,140.75,176.67,203.13,205.83,254.3,254.69,302.43,612.17,685.5,743.68,745.57,790.25,844.25,846.36,961.04,961.65,978.15,1107.75,1128.63,1181.23,1315.87,1316.31,1336.92,1411.78,1443.44,1447.04,1447.52,1458.1,1458.69,1464.7,1474.71,1480.71,1497.55,3008.95,3059.5,3060.74,3061.53,3075.53,3152.52,3164.08,3165.71,3166.19,3175.39,3177.43,3178.34,3712.53]                                                                                           108.12076199799998 -576.1335824270622  [3.433119979,1.1167856159999998,1.0774105]                  
1TMP1meoh 1meoh1TMP-10000001_1_614 1.0 [13.37,14.72,22.57,81.02,102.01,140.01,175.12,202.89,204.23,253.87,254.48,302.12,610.04,685.61,744.0,745.47,789.9,843.84,845.89,960.92,961.28,977.85,1107.62,1129.05,1181.4,1315.66,1316.2,1336.8,1410.48,1443.26,1447.35,1447.72,1457.99,1458.53,1464.94,1474.6,1480.77,1497.83,3009.59,3060.12,3061.39,3061.91,3075.74,3152.8,3164.78,3166.62,3167.05,3175.83,3177.91,3178.15,3711.89]                                                                                            108.12076199799998 -576.1336050864156  [3.4070205230000004,1.103816848,1.066875019]                
1TMP1meoh 1meoh1TMP-10000001_1_358 1.0 [6.3,20.72,38.11,78.06,107.05,135.07,180.06,204.95,211.94,252.85,256.23,300.62,590.55,685.44,743.83,745.66,791.15,845.37,846.14,961.43,962.59,978.72,1105.67,1127.79,1182.25,1315.14,1315.88,1336.4,1403.64,1443.15,1447.68,1448.79,1458.09,1458.62,1465.34,1474.45,1480.81,1498.87,3015.16,3059.52,3060.96,3061.66,3083.21,3155.95,3164.11,3165.76,3166.21,3175.72,3177.42,3178.93,3719.11]                                                                                        108.12076199799998 -576.1335916855311  [3.603651957,1.1142608660000002,1.054448316]                
1TMP1meoh 1meoh1TMP-10000001_1_569 1.0 [11.24,29.11,44.1,76.68,110.09,134.89,181.01,206.3,212.34,253.0,256.49,300.44,583.53,685.62,743.87,745.76,791.26,845.41,845.94,961.62,962.67,978.7,1104.59,1126.38,1181.99,1315.01,1315.66,1336.31,1400.7,1443.28,1447.83,1449.59,1458.2,1458.9,1465.82,1474.24,1481.14,1498.71,3016.26,3058.98,3060.32,3061.29,3084.83,3156.12,3163.84,3165.24,3165.65,3176.63,3177.32,3178.18,3724.66]                                                                                            108.12076199799998 -576.1335424195851  [3.6817128550000002,1.120148747,1.054347737]                
1TMP1meoh 1meoh1TMP-10000001_1_989 1.0 [-24.05,11.89,17.64,84.52,105.73,130.06,178.27,205.6,207.83,254.01,254.88,301.77,602.23,685.81,744.97,745.33,790.55,845.06,846.42,961.51,962.05,978.61,1110.09,1128.66,1180.83,1315.37,1315.93,1336.51,1403.59,1442.64,1447.53,1447.6,1457.39,1458.25,1464.86,1475.0,1480.38,1498.17,3016.1,3060.18,3061.39,3061.55,3084.23,3153.33,3165.15,3166.12,3166.72,3176.86,3178.59,3178.83,3707.78]                                                                                        108.12076199799998 -576.1334389689139  [3.456386547,0.9943971279999999,0.983901789]                
1TMP1meoh 1meoh1TMP-10000001_1_36  1.0 [-19.66,-10.91,16.4,77.88,99.71,138.72,175.58,203.75,204.64,253.85,254.2,302.26,614.06,685.92,744.43,745.89,789.78,843.96,846.08,960.89,961.25,978.07,1109.52,1129.31,1181.13,1315.69,1316.37,1336.88,1412.18,1443.29,1447.07,1447.49,1458.09,1458.43,1464.6,1474.04,1480.42,1498.01,3009.75,3060.03,3061.45,3062.09,3075.74,3152.06,3165.04,3166.34,3167.07,3176.34,3178.11,3178.63,3705.83]                                                                                       108.12076199799998 -576.1336736135385  [3.3600223860000002,1.0741633449999999,1.040101563]         
1TMP1meoh 1meoh1TMP-10000001_1_264 1.0 [-21.09,-14.81,18.21,87.7,110.47,122.75,178.6,204.48,208.84,252.08,256.63,299.56,571.0,685.06,744.61,745.22,791.74,845.26,845.56,962.06,962.75,978.1,1106.23,1126.94,1180.93,1314.85,1315.27,1335.87,1394.65,1442.5,1448.23,1449.19,1457.29,1458.66,1465.93,1474.98,1480.71,1497.46,3019.82,3059.32,3060.52,3061.06,3089.68,3156.67,3164.82,3165.42,3166.06,3176.92,3177.13,3179.01,3723.07]                                                                                        108.12076199799998 -576.1332520568354  [3.761086652,1.019563184,0.9915019939999999]                
1dma      1dma                     1.0 [225.7,261.94,384.09,744.01,971.13,1039.89,1109.42,1187.74,1228.28,1266.77,1435.46,1461.27,1466.09,1477.9,1483.93,1502.56,1515.29,2981.18,2984.65,3098.72,3101.0,3157.63,3158.17,3612.6]                                                                                                                                                                                                                                                                                                                       45.085             -134.99545192169143 [34.930266187,9.243740712000001,8.182326197]                
1etoh     1etoh                    1.0 [245.61,283.38,423.25,819.87,921.36,1053.37,1138.82,1180.78,1259.21,1305.06,1391.15,1461.98,1464.36,1486.73,1515.12,3023.0,3068.06,3071.88,3168.58,3173.36,3907.79]                                                                                                                                                                                                                                                                                                                                               46.068999999999996 -154.8759785427511  [35.28177453399999,9.305182283,8.122833706]                 
1etoh1tma 1etoh1tma-01001000_1_951 1.0 [1.73,34.85,40.37,65.56,111.42,154.52,234.41,258.36,262.14,263.8,390.64,423.62,424.97,448.74,812.43,858.09,867.46,924.71,1072.2,1080.69,1081.56,1092.85,1123.3,1125.03,1162.54,1183.06,1227.73,1302.52,1332.38,1336.68,1373.28,1400.4,1438.76,1439.28,1463.37,1470.13,1470.77,1474.67,1476.65,1483.26,1491.85,1499.95,1500.05,1515.5,1518.85,2990.98,2991.28,2991.68,2999.25,3028.32,3066.65,3117.09,3118.02,3121.19,3161.3,3166.52,3168.09,3169.23,3172.37,3493.82]       105.18099999999998 -329.1371859700095  [4.206221187,0.9577161949999999,0.93952423]                 
1etoh1tma 1etoh1tma-01001000_1_895 1.0 [2.64,33.12,39.41,64.66,111.09,154.56,233.22,260.27,261.71,262.42,390.55,423.58,425.39,449.0,812.96,858.65,867.46,924.84,1072.08,1080.76,1081.38,1092.91,1123.25,1125.21,1162.64,1183.14,1227.69,1302.77,1332.79,1336.82,1373.1,1400.48,1438.95,1439.14,1463.55,1470.12,1470.92,1474.83,1476.63,1483.34,1491.96,1499.98,1500.22,1515.7,1518.55,2989.97,2991.43,2992.3,2999.17,3028.72,3066.46,3116.9,3118.16,3122.84,3160.65,3166.42,3167.37,3169.24,3173.61,3491.84]      105.18099999999998 -329.13718019996213 [4.2078301510000005,0.9575534229999999,0.939395444]         
1etoh1tma 1etoh1tma-01001000_1_632 1.0 [3.38,35.82,39.94,65.87,110.98,154.59,234.37,259.12,262.99,263.53,391.19,424.07,425.33,448.86,812.77,858.04,867.47,924.61,1072.23,1080.82,1081.48,1092.72,1123.34,1125.12,1162.2,1183.06,1227.91,1302.79,1332.74,1336.73,1373.29,1400.61,1438.88,1439.2,1463.58,1470.22,1470.88,1474.75,1476.74,1483.32,1492.02,1499.91,1500.14,1515.64,1518.86,2990.38,2990.72,2991.83,2999.04,3027.54,3066.7,3116.68,3118.5,3122.54,3160.84,3166.35,3167.53,3169.27,3173.32,3491.01]     105.18099999999998 -329.1371098310567  [4.210433463999999,0.957608334,0.939574835]                 
1etoh1tma 1etoh1tma-01001000_1_125 1.0 [3.69,35.97,37.7,69.69,109.98,154.2,234.32,260.87,261.97,263.27,390.59,424.03,425.42,449.16,813.4,861.76,867.56,924.59,1072.32,1080.77,1081.7,1092.84,1123.4,1125.09,1162.05,1182.99,1227.79,1302.93,1333.92,1335.64,1372.86,1400.56,1438.97,1439.42,1463.6,1469.96,1470.06,1474.69,1476.73,1483.18,1491.57,1499.47,1500.3,1514.74,1518.28,2990.02,2990.97,2991.57,2999.02,3027.75,3066.22,3115.84,3120.36,3122.17,3160.18,3165.94,3167.14,3170.56,3173.0,3488.91]         105.18099999999998 -329.13705321441626 [4.214121262,0.95232538,0.934563392]                        
1etoh1tma 1etoh1tma-01001000_1_317 1.0 [4.12,36.28,45.58,68.09,109.43,153.82,233.72,259.66,260.88,264.26,390.33,424.06,424.67,449.01,813.12,859.92,867.5,925.02,1071.92,1080.71,1081.4,1092.88,1123.46,1125.05,1161.81,1182.66,1227.58,1302.55,1333.36,1335.72,1372.85,1400.49,1438.88,1439.45,1463.49,1470.09,1470.29,1474.83,1476.55,1483.24,1491.8,1499.58,1500.48,1514.74,1518.04,2990.49,2991.2,2991.56,2998.98,3027.93,3067.11,3116.69,3120.38,3122.27,3161.12,3166.78,3167.64,3170.68,3172.7,3496.23]      105.18099999999998 -329.1370958663794  [4.21443669,0.956275697,0.938505324]                        
1etoh1tma 1etoh1tma-01001000_1_277 1.0 [4.27,36.49,45.63,68.26,109.82,153.6,234.44,258.87,261.65,264.42,390.97,424.19,425.09,448.39,812.93,858.53,867.48,924.98,1072.04,1080.69,1081.32,1092.68,1123.52,1124.91,1162.12,1182.63,1227.71,1302.71,1333.2,1335.58,1372.74,1400.4,1438.9,1439.53,1463.32,1469.83,1469.97,1474.74,1476.64,1483.52,1491.47,1499.45,1500.45,1514.95,1518.0,2990.66,2991.41,2991.68,2999.17,3028.1,3066.87,3116.42,3120.05,3122.17,3161.09,3166.73,3167.59,3170.64,3172.6,3495.07]        105.18099999999998 -329.13709551579393 [4.213916814999999,0.955634872,0.937897381]                 
1etoh1tma 1etoh1tma-01001000_1_723 1.0 [6.26,33.48,45.99,67.97,109.84,154.07,233.09,259.25,260.63,263.84,390.41,423.62,425.17,449.01,813.16,859.97,867.73,924.76,1071.91,1080.72,1081.46,1092.89,1123.32,1124.96,1161.92,1182.84,1227.65,1302.74,1333.14,1336.09,1372.53,1400.07,1438.85,1439.45,1463.37,1469.79,1470.25,1474.64,1476.66,1483.32,1491.61,1499.51,1500.32,1514.77,1517.67,2991.05,2991.71,2991.84,2999.52,3028.82,3066.67,3116.93,3120.69,3122.46,3161.07,3166.97,3167.66,3170.91,3173.41,3493.05] 105.18099999999998 -329.1371122727726  [4.218903919000001,0.9561308820000001,0.938545267]          
1etoh1tma 1etoh1tma-01001000_1_891 1.0 [13.4,42.02,63.66,74.32,112.99,171.79,237.53,264.66,267.07,274.13,395.63,424.07,425.89,435.56,799.95,830.01,868.13,910.03,1072.08,1080.12,1081.9,1099.37,1121.85,1124.75,1145.5,1160.79,1227.44,1304.01,1333.52,1336.48,1381.63,1423.9,1438.0,1438.87,1462.2,1468.43,1470.83,1474.38,1476.7,1478.5,1491.84,1498.06,1500.45,1500.93,1505.11,2990.61,2992.04,2998.77,3008.08,3059.53,3104.3,3115.57,3119.75,3122.38,3150.62,3162.25,3166.29,3170.2,3173.11,3492.48]          105.18099999999998 -329.1372691904193  [3.4122132,1.178217515,1.105311861]                         
1etoh1tma 1etoh1tma-01001000_1_694 1.0 [-10.51,42.97,68.08,73.49,109.46,170.36,234.45,261.62,265.72,271.33,395.91,424.15,425.4,435.94,799.95,829.12,868.18,910.4,1071.61,1080.03,1081.69,1099.59,1121.67,1124.92,1144.44,1160.52,1227.49,1303.7,1333.95,1335.31,1381.34,1424.08,1437.8,1439.42,1461.3,1468.14,1470.26,1474.61,1476.51,1477.92,1492.04,1497.32,1498.83,1501.29,1505.92,2990.52,2991.78,2998.55,3007.72,3059.67,3103.82,3116.06,3121.21,3122.45,3150.88,3161.95,3166.48,3171.37,3173.11,3498.85]    105.18099999999998 -329.13720806351    [3.413658387,1.179883928,1.107414194]                       
1etoh1tma 1etoh1tma-01001000_1_959 1.0 [35.85,55.6,79.34,88.05,93.87,124.75,241.16,258.63,268.64,279.61,392.28,426.9,427.57,432.55,712.39,824.68,870.85,927.05,1070.65,1079.3,1080.36,1082.32,1124.56,1125.76,1158.63,1184.37,1225.53,1302.54,1325.64,1333.98,1337.27,1390.92,1438.96,1439.98,1463.56,1468.85,1469.88,1470.59,1475.18,1479.47,1486.61,1493.96,1499.77,1500.94,1518.52,2982.75,2984.3,2992.62,3002.17,3047.06,3068.51,3114.73,3118.58,3120.71,3163.2,3166.17,3169.58,3171.29,3175.9,3681.6]        105.18099999999998 -329.1356830696687  [4.276136479,0.990428909,0.9627862850000001]                
1etoh1tma 1etoh1tma-01001000_1_715 1.0 [31.03,38.33,47.85,62.43,64.81,82.57,248.7,256.01,278.02,287.57,297.28,354.59,425.07,426.36,431.89,819.03,872.28,920.7,1053.11,1074.86,1087.28,1092.3,1126.07,1129.7,1135.99,1181.03,1214.03,1258.92,1305.27,1342.95,1345.46,1391.39,1436.13,1440.19,1460.62,1463.93,1467.4,1469.31,1476.53,1479.02,1488.81,1491.44,1501.83,1506.33,1516.24,2942.45,2946.8,2958.54,3025.65,3071.17,3074.51,3101.03,3104.61,3107.6,3155.92,3168.08,3169.52,3174.17,3177.92,3905.52]         105.18099999999998 -329.12769255646947 [4.340548642,0.845459181,0.840036716]                       
1etoh1tma 1etoh1tma-01001000_1_873 1.0 [-13.14,22.95,34.14,55.7,69.76,84.07,242.6,254.12,262.85,263.66,285.74,352.6,422.67,426.44,427.78,821.46,870.88,920.57,1054.28,1071.74,1087.07,1088.16,1123.76,1124.19,1132.0,1176.47,1212.56,1258.03,1297.45,1343.25,1343.74,1383.04,1438.41,1439.31,1454.86,1463.19,1466.68,1469.83,1474.32,1476.87,1485.62,1490.73,1500.58,1500.88,1513.61,2960.33,2961.92,2972.55,3034.32,3072.2,3093.14,3102.08,3104.0,3106.27,3155.49,3158.75,3161.01,3165.58,3179.78,3908.43]       105.18099999999998 -329.12769549226647 [3.624008774,0.9320666479999999,0.8718985239999999]         
1etoh1tma 1etoh1tma-01001000_1_494 1.0 [-16.98,-9.14,7.03,10.57,12.88,23.67,244.95,251.12,267.56,268.62,297.71,357.51,423.51,427.64,428.03,819.29,872.15,921.25,1054.19,1071.19,1086.33,1086.41,1125.12,1125.32,1141.03,1181.07,1213.62,1261.45,1305.46,1340.58,1340.89,1391.05,1438.38,1438.61,1462.95,1464.31,1467.19,1467.53,1473.97,1476.55,1486.77,1490.06,1500.21,1500.45,1515.3,2958.13,2958.67,2969.8,3023.47,3068.04,3070.8,3105.05,3105.47,3107.18,3157.89,3161.12,3161.42,3167.1,3171.34,3905.4]       105.18099999999998 -329.1248171800637  [3.5876215350000003,0.407991802,0.397879301]                
1etoh1tma 1etoh1tma-01001000_1_710 1.0 [-47.9,-36.41,-14.34,28.5,37.67,62.97,245.13,249.09,261.42,266.43,294.44,346.11,422.92,426.68,428.35,809.72,870.49,918.8,1050.71,1072.61,1088.24,1088.82,1122.79,1124.33,1134.53,1174.25,1211.13,1257.32,1309.9,1344.81,1346.67,1390.35,1437.52,1439.16,1463.97,1464.7,1467.07,1469.65,1475.12,1477.48,1484.03,1490.52,1500.62,1502.29,1508.16,2960.92,2961.16,2972.34,3043.51,3069.7,3090.8,3091.52,3104.62,3105.74,3146.37,3158.44,3160.54,3164.94,3169.37,3913.82]      105.18099999999998 -329.12682831300407 [3.464597323,0.8935107090000001,0.8396493829999999]         
1etoh1tma 1etoh1tma-01001000_1_705 1.0 [-16.62,-14.28,-6.58,4.62,8.16,12.87,243.57,248.57,264.91,266.24,289.34,353.35,423.07,427.14,427.49,817.18,871.47,920.99,1053.68,1071.4,1086.52,1086.66,1124.38,1124.64,1138.73,1179.44,1212.44,1260.17,1305.58,1341.76,1341.84,1390.93,1438.12,1438.38,1462.93,1464.42,1467.01,1467.13,1473.5,1476.57,1486.76,1489.78,1500.31,1500.43,1514.94,2958.59,2958.72,2970.1,3028.48,3072.14,3073.52,3104.99,3105.82,3107.3,3158.14,3161.23,3161.96,3168.12,3172.99,3906.56]      105.18099999999998 -329.1247656797718  [3.312551919,0.445335499,0.42880303]                        
1meoh     1meoh                    1.0 [308.5,1065.37,1116.53,1180.15,1347.49,1476.78,1481.73,1495.4,3028.81,3102.13,3171.44,3909.54]                                                                                                                                                                                                                                                                                                                                                                                                                             32.042             -115.61270065136111 [126.90759112100001,24.869920651,24.011108431]              
1meoh1tma 1meoh1tma-10001000_1_278 1.0 [1.29,52.35,53.81,117.43,125.41,190.27,235.65,262.98,266.24,396.55,424.54,426.26,852.53,867.65,1072.19,1080.69,1081.14,1121.47,1125.02,1134.43,1143.85,1181.45,1227.99,1333.89,1335.44,1437.98,1439.53,1467.21,1467.4,1470.58,1474.72,1476.61,1481.5,1484.2,1491.97,1499.83,1500.62,1514.16,2991.37,2992.12,2996.58,3001.13,3060.67,3116.34,3120.44,3122.13,3139.97,3166.31,3170.53,3172.63,3492.88]                                                                                91.15399999999998  -289.8738478780236  [4.3264234109999995,1.621757019,1.570975427]                
1meoh1tma 1meoh1tma-10001000_1_309 1.0 [4.36,48.05,52.85,112.28,124.95,189.43,234.57,262.05,263.71,395.57,423.65,425.62,851.77,867.38,1072.17,1080.54,1081.3,1121.38,1125.13,1134.01,1143.12,1181.74,1227.71,1333.28,1336.73,1438.02,1438.75,1465.37,1468.89,1469.89,1474.86,1477.25,1482.57,1485.29,1492.43,1500.2,1500.56,1515.27,2991.68,2992.13,2996.78,3001.3,3060.86,3117.9,3118.79,3122.69,3139.99,3167.11,3169.79,3173.45,3492.93]                                                                                 91.15399999999998  -289.8739282230687  [4.322108698,1.632411418,1.580604428]                       
1meoh1tma 1meoh1tma-10001000_1_578 1.0 [5.72,48.41,51.15,113.25,125.13,189.79,233.92,262.08,263.67,395.82,423.81,425.99,852.67,867.49,1071.91,1080.49,1081.13,1121.09,1124.96,1133.84,1143.43,1181.75,1227.61,1333.78,1336.3,1438.01,1438.7,1465.68,1468.77,1470.1,1474.7,1477.2,1482.19,1485.32,1492.52,1499.94,1500.5,1515.89,2991.41,2991.9,2996.45,3000.97,3060.46,3117.54,3118.88,3122.15,3140.08,3166.89,3169.69,3172.91,3491.06]                                                                                    91.15399999999998  -289.8738340485108  [4.322326166,1.632575209,1.580630347]                       
1meoh1tma 1meoh1tma-10001000_1_88  1.0 [6.22,51.41,52.14,112.21,124.94,189.84,234.61,262.91,264.0,395.7,423.83,425.9,850.66,867.43,1071.86,1080.52,1081.0,1121.35,1124.96,1134.24,1143.18,1181.7,1227.57,1333.48,1336.29,1438.19,1438.55,1465.52,1468.89,1469.64,1474.36,1477.24,1482.55,1485.52,1492.26,1499.79,1500.16,1515.4,2991.41,2992.29,2996.9,3001.35,3060.88,3117.63,3118.64,3122.34,3139.87,3166.53,3169.36,3172.63,3493.39]                                                                                    91.15399999999998  -289.8738740869629  [4.326436388,1.633069159,1.58172329]                        
1meoh1tma 1meoh1tma-10001000_1_923 1.0 [6.3,48.38,52.74,114.84,125.46,190.0,234.76,261.96,266.11,396.94,424.73,425.77,853.56,867.74,1071.94,1080.43,1081.01,1121.44,1125.08,1134.18,1144.22,1181.25,1227.92,1333.77,1335.44,1437.93,1439.43,1467.17,1467.56,1470.7,1474.72,1476.51,1481.42,1484.71,1492.17,1499.79,1500.62,1515.31,2991.53,2992.31,2996.73,3001.24,3060.62,3116.68,3120.03,3122.92,3140.21,3166.52,3170.55,3173.61,3488.46]                                                                                91.15399999999998  -289.8738717565284  [4.327802911,1.622284487,1.57146225]                        
1meoh1tma 1meoh1tma-10001000_1_150 1.0 [10.39,54.87,57.6,118.04,125.74,190.26,234.68,262.21,266.86,397.24,424.5,425.77,852.87,867.52,1071.86,1080.21,1080.75,1121.7,1124.76,1134.01,1143.72,1181.33,1227.89,1333.65,1335.01,1437.74,1439.22,1466.79,1467.7,1470.31,1474.7,1476.21,1481.28,1484.08,1492.08,1499.83,1500.68,1513.88,2991.11,2992.01,2996.45,3001.0,3060.83,3116.67,3121.05,3122.61,3140.08,3166.52,3171.57,3173.31,3493.57]                                                                                  91.15399999999998  -289.87382155371677 [4.326696845000001,1.6221018180000002,1.5711487979999998]   
1meoh1tma 1meoh1tma-10001000_1_809 1.0 [21.65,29.92,36.52,71.24,79.73,80.94,243.58,263.06,264.14,301.35,352.01,426.64,427.19,871.15,1060.72,1071.55,1087.12,1088.35,1105.77,1124.05,1124.36,1168.52,1212.79,1342.27,1343.53,1344.17,1438.38,1438.77,1458.39,1464.27,1466.6,1473.77,1475.41,1478.88,1485.54,1490.53,1500.86,1501.42,2960.44,2961.62,2972.5,3045.15,3103.53,3103.96,3105.66,3121.66,3155.8,3159.06,3159.65,3185.42,3910.1]                                                                                   91.15399999999998  -289.86372973348153 [4.882174598,1.1014682969999998,1.094439838]                
1meoh1tma 1meoh1tma-10001000_1_785 1.0 [21.22,34.13,39.72,71.17,78.98,79.58,243.61,263.11,264.1,301.34,352.71,426.8,427.46,871.2,1061.8,1071.6,1087.3,1088.11,1105.78,1124.25,1124.42,1168.03,1212.96,1342.99,1343.71,1344.15,1438.56,1438.85,1458.63,1464.28,1466.76,1474.0,1475.38,1479.35,1485.36,1490.68,1500.93,1501.38,2959.81,2961.26,2972.03,3045.68,3103.57,3103.88,3105.66,3122.34,3155.92,3159.28,3159.63,3185.36,3909.2]                                                                                       91.15399999999998  -289.86380162508544 [4.904594396,1.1016822830000002,1.093708929]                
1meoh1tma 1meoh1tma-10001000_1_662 1.0 [32.96,35.61,44.68,70.47,80.55,81.83,244.61,264.41,264.99,304.36,353.19,426.64,427.71,871.26,1062.23,1071.76,1087.35,1088.21,1106.21,1124.36,1124.46,1167.95,1213.07,1343.13,1343.46,1344.29,1438.69,1438.84,1458.81,1464.09,1466.81,1474.03,1475.28,1479.51,1485.31,1490.76,1501.02,1501.26,2959.93,2960.88,2971.88,3045.54,3103.44,3103.6,3105.36,3121.99,3155.64,3159.0,3159.21,3184.44,3909.35]                                                                                 91.15399999999998  -289.86381854086244 [4.9129004290000005,1.1011151700000001,1.092879433]         
1meoh1tma 1meoh1tma-10001000_1_769 1.0 [-10.55,6.84,34.77,67.94,73.75,79.85,246.99,262.68,267.74,303.44,349.55,426.81,427.41,870.71,1060.16,1072.19,1088.07,1088.36,1104.83,1124.24,1124.39,1168.84,1212.43,1342.53,1344.28,1345.06,1438.42,1438.55,1457.48,1466.97,1467.37,1473.9,1475.24,1477.47,1485.6,1489.96,1500.98,1502.04,2959.51,2960.48,2971.54,3044.39,3101.91,3102.47,3104.09,3119.71,3154.8,3158.01,3158.6,3186.95,3910.05]                                                                                   91.15399999999998  -289.8636204869585  [4.771733182,1.1002419030000001,1.0981392049999998]         
1meoh1tma 1meoh1tma-10001000_1_713 1.0 [-31.3,-14.07,34.35,67.74,73.17,78.31,247.37,263.32,267.28,303.45,349.52,426.75,427.36,870.95,1059.54,1072.29,1088.19,1088.58,1104.87,1124.36,1124.54,1168.61,1212.67,1342.2,1344.25,1345.17,1438.38,1438.46,1457.28,1467.2,1467.87,1473.87,1474.84,1477.34,1485.29,1490.2,1500.91,1501.99,2959.55,2960.14,2971.26,3044.09,3102.46,3102.77,3104.44,3119.65,3154.9,3158.34,3158.46,3187.8,3909.68]                                                                                   91.15399999999998  -289.8636266998591  [4.77189736,1.098772482,1.09726201]                         
1tma      1tma                     3.0 [245.45,265.7,266.0,349.9,427.43,427.51,871.83,1072.07,1087.71,1087.77,1125.04,1125.1,1211.99,1343.14,1343.42,1438.34,1438.43,1466.85,1466.92,1473.4,1476.16,1489.57,1500.09,1500.17,2955.64,2955.79,2967.58,3104.64,3104.85,3106.5,3157.76,3161.05,3161.07]                                                                                                                                                                                                                                          59.112             -174.24814571972024 [8.690903705999999,8.689483148999999,4.906514156]           
