clustername filename rotational_sym_number freqs mass elec_sp rotational_numbers
1DME      1DME                     2.0 [229.07,262.15,415.0,928.84,1111.92,1154.16,1178.66,1187.42,1261.02,1457.38,1481.58,1485.7,1491.9,1500.1,1517.77,2916.05,2931.26,2961.15,2966.71,3080.32,3082.11]                                                                                                                                                                                                                                                                                                                                               46.068999999999996 -154.85679874937702 [39.216702841,10.045668715,8.893273004000001]             
1DME1TFE  1DME1TFE-00100100_1_208  1.0 [4.26,22.04,47.19,64.04,72.69,102.9,190.64,207.85,229.51,264.64,346.6,407.35,418.68,516.4,527.89,648.34,743.17,802.45,913.94,934.46,1099.54,1108.34,1114.86,1137.26,1156.56,1172.33,1189.94,1245.84,1266.1,1298.65,1415.72,1458.39,1471.86,1482.0,1484.67,1487.67,1496.69,1499.93,1515.62,2951.8,2961.24,2978.02,3006.92,3012.12,3055.12,3097.78,3113.43,3456.77]                                                                                                                    146.10920948900002 -607.3218253574112  [2.78782256,0.669911569,0.618410393]                      
1DME1TFE  1DME1TFE-00100100_1_860  1.0 [1.91,31.14,52.31,74.04,90.98,126.98,185.29,217.11,229.61,263.85,348.83,407.04,417.05,516.74,528.03,648.73,728.54,801.6,914.32,934.12,1100.8,1109.73,1114.53,1136.44,1156.66,1172.16,1190.77,1247.83,1266.26,1297.4,1414.51,1457.54,1479.17,1481.16,1486.74,1487.19,1496.51,1500.77,1516.53,2953.89,2964.86,2969.27,3009.16,3019.81,3056.91,3092.15,3101.86,3460.92]                                                                                                                 146.10920948900002 -607.3217104903505  [2.441636316,0.755162319,0.7397113470000001]              
1DME1TFE  1DME1TFE-00100100_1_133  1.0 [14.38,16.39,46.21,62.01,71.86,104.34,191.2,208.93,230.52,263.9,346.96,407.82,419.01,517.22,528.11,648.42,745.61,802.36,914.3,934.26,1099.67,1108.97,1114.49,1136.83,1156.45,1172.58,1189.53,1247.1,1266.37,1298.12,1415.71,1458.14,1470.51,1482.14,1484.24,1487.36,1496.59,1500.01,1515.63,2951.6,2961.14,2976.84,3006.54,3011.74,3055.59,3097.47,3112.64,3458.14]                                                                                                                  146.10920948900002 -607.3218608296407  [2.779146956,0.670619305,0.6191035100000001]              
1DME1TFE  1DME1TFE-00100100_1_544  1.0 [9.82,29.18,37.87,56.89,70.05,102.2,182.31,213.62,229.81,252.1,347.5,407.07,420.37,517.45,528.9,648.7,737.02,802.7,919.49,933.31,1104.63,1109.52,1114.8,1136.22,1157.69,1175.9,1187.79,1246.6,1268.24,1295.89,1415.5,1458.71,1461.39,1481.51,1483.87,1485.41,1494.64,1500.87,1517.38,2948.82,2959.36,2972.38,3002.45,3009.3,3055.82,3095.15,3110.39,3496.58]                                                                                                                         146.10920948900002 -607.3215564288832  [2.6342412509999997,0.694201516,0.642211562]              
1DME1TFE  1DME1TFE-00100100_1_591  1.0 [11.05,29.84,51.06,73.52,87.47,125.9,188.01,215.02,229.83,263.01,348.56,407.27,417.04,518.18,527.81,648.62,729.6,801.41,913.8,934.58,1100.4,1110.02,1115.11,1137.23,1156.38,1171.57,1190.47,1246.77,1266.03,1297.52,1414.3,1457.25,1480.29,1481.14,1486.37,1487.68,1496.62,1500.46,1516.16,2954.04,2964.72,2968.35,3009.55,3020.03,3056.12,3091.19,3101.89,3456.2]                                                                                                                   146.10920948900002 -607.3217314602912  [2.4463940670000004,0.753196002,0.73824688]               
1DME1TFE  1DME1TFE-00100100_1_219  1.0 [-3.05,41.03,57.62,76.89,89.25,124.25,186.1,217.12,229.13,263.99,349.36,408.76,419.52,518.74,529.09,648.81,658.8,802.27,914.17,935.72,1098.93,1111.16,1115.53,1139.1,1155.44,1170.44,1190.08,1248.54,1265.97,1299.77,1414.52,1457.79,1481.47,1482.22,1487.5,1494.56,1499.72,1500.28,1515.76,2953.16,2963.04,2973.05,3008.89,3016.1,3055.47,3097.36,3099.02,3476.59]                                                                                                                  146.10920948900002 -607.3212615983101  [2.611314652,0.71620461,0.660710476]                      
1DME1etoh 1DME1etoh-01000100_1_122 1.0 [1.84,18.48,26.66,61.07,72.94,136.05,210.48,255.88,256.45,413.08,431.74,661.02,817.78,894.79,916.99,1047.04,1103.87,1110.46,1155.82,1173.08,1175.63,1188.76,1264.03,1292.75,1328.16,1400.62,1457.68,1472.83,1483.17,1484.45,1488.07,1494.19,1499.88,1504.74,1515.61,1531.8,2910.92,2928.38,2944.71,2955.18,2997.83,2999.84,3003.29,3072.04,3074.86,3094.89,3096.49,3579.35]                                                                                                          92.13799999999998  -309.74258406468357 [7.282724131,1.053554439,0.986796745]                     
1DME1etoh 1DME1etoh-01000100_1_417 1.0 [1.58,22.46,40.64,59.8,86.94,133.46,217.67,256.94,259.1,411.71,431.81,662.24,819.04,895.6,918.28,1046.93,1105.27,1111.44,1156.72,1174.24,1176.43,1189.04,1264.45,1292.76,1327.61,1400.5,1457.75,1470.44,1483.77,1485.2,1488.01,1494.7,1500.22,1504.99,1515.95,1531.84,2903.39,2918.58,2942.03,2952.79,2994.83,3000.28,3000.88,3072.88,3076.98,3094.48,3096.84,3588.0]                                                                                                                92.13799999999998  -309.7423783947707  [6.441044498999999,1.148048047,1.0910882]                 
1DME1etoh 1DME1etoh-01000100_1_457 1.0 [2.15,28.28,32.96,62.22,76.02,139.3,210.69,255.38,260.08,413.07,432.72,665.51,817.91,894.69,915.81,1047.55,1102.93,1110.31,1155.94,1172.34,1175.62,1189.42,1263.88,1292.75,1328.99,1400.43,1457.9,1473.78,1483.51,1485.02,1487.83,1494.66,1499.78,1504.83,1515.4,1531.96,2909.67,2927.47,2945.66,2956.0,2999.15,3001.48,3004.64,3074.2,3076.23,3096.18,3097.91,3568.59]                                                                                                              92.13799999999998  -309.74257960864526 [7.315200355,1.054851553,0.9871132380000001]              
1DME1etoh 1DME1etoh-01000100_1_507 1.0 [8.15,21.7,27.01,60.83,84.07,132.14,215.59,255.62,257.9,411.79,433.4,664.37,819.23,895.64,918.77,1047.26,1105.84,1111.8,1156.42,1174.39,1175.88,1188.8,1264.58,1292.49,1327.34,1400.54,1458.03,1471.88,1484.07,1485.18,1487.89,1495.05,1500.14,1504.92,1515.91,1531.41,2902.52,2917.96,2941.77,2952.38,2994.43,3000.05,3000.3,3072.02,3076.38,3093.94,3098.39,3582.56]                                                                                                               92.13799999999998  -309.7422835425321  [6.629318414999999,1.113964758,1.052115673]               
1DME1etoh 1DME1etoh-01000100_1_746 1.0 [7.43,26.01,28.34,56.72,88.7,140.05,211.75,257.57,260.94,413.06,432.28,632.1,819.03,895.45,915.97,1048.98,1102.6,1112.48,1155.01,1171.46,1175.89,1189.28,1263.51,1292.75,1334.51,1400.94,1457.32,1478.14,1484.4,1485.39,1488.15,1495.12,1499.42,1505.21,1514.85,1532.16,2905.63,2928.52,2945.09,2955.55,2998.48,3000.36,3004.01,3072.03,3076.19,3092.57,3097.16,3572.28]                                                                                                             92.13799999999998  -309.74245483206937 [7.29907723,1.078261977,0.986788139]                      
1DME1etoh 1DME1etoh-01000100_1_689 1.0 [5.45,29.84,36.41,64.02,93.06,135.22,216.27,257.29,260.85,411.39,431.87,644.28,820.62,896.02,917.86,1048.05,1104.8,1112.33,1156.46,1173.26,1175.89,1189.37,1264.11,1293.51,1332.55,1401.21,1457.9,1474.73,1483.89,1485.92,1488.37,1494.64,1499.8,1504.88,1515.57,1531.11,2902.4,2917.85,2942.35,2953.15,2995.16,3000.95,3000.96,3072.89,3076.94,3093.23,3098.55,3584.07]                                                                                                             92.13799999999998  -309.7423077437082  [6.434526085000001,1.16161391,1.081276825]                
1DME1etoh 1DME1etoh-01000100_1_548 1.0 [4.81,29.45,34.27,59.21,103.79,143.43,212.77,257.47,265.36,412.53,433.93,617.43,820.48,896.45,914.56,1049.44,1101.04,1113.85,1155.49,1170.42,1175.6,1190.25,1262.92,1293.52,1336.25,1401.53,1457.04,1479.91,1484.35,1486.44,1488.28,1495.38,1499.46,1505.15,1514.42,1531.88,2904.63,2925.18,2944.99,2956.02,2998.15,3000.85,3005.75,3072.84,3076.63,3091.55,3099.21,3569.79]                                                                                                         92.13799999999998  -309.7422932114797  [7.071919393,1.121708795,1.011603975]                     
1DME1etoh 1DME1etoh-01000100_1_642 1.0 [7.37,35.25,41.49,60.58,105.81,138.14,215.47,256.47,263.76,413.02,433.84,606.03,819.84,896.26,916.36,1049.81,1102.82,1113.21,1155.24,1171.83,1175.12,1189.6,1263.89,1292.94,1337.56,1401.42,1457.4,1479.79,1484.91,1486.7,1487.99,1494.92,1499.59,1505.03,1514.96,1531.67,2904.97,2923.04,2943.65,2954.72,2996.12,3000.81,3003.48,3072.43,3077.15,3092.24,3098.33,3578.92]                                                                                                           92.13799999999998  -309.7422348600109  [6.908350105999999,1.135799132,1.021302368]               
1DME1etoh 1DME1etoh-01000100_1_909 1.0 [12.74,30.85,39.19,55.61,95.13,139.97,213.23,257.28,260.4,412.87,432.45,612.09,819.63,896.04,916.56,1049.26,1102.94,1112.99,1155.21,1171.69,1175.67,1189.42,1263.52,1293.16,1337.29,1401.48,1457.39,1479.25,1484.83,1485.58,1488.01,1495.13,1499.67,1505.11,1515.25,1531.98,2902.93,2928.1,2944.14,2954.74,2997.29,3000.07,3002.75,3071.96,3075.78,3093.3,3097.34,3578.12]                                                                                                           92.13799999999998  -309.74234714925404 [7.287275655,1.0987925250000001,0.99467206]               
1DME1etoh 1DME1etoh-01000100_1_938 1.0 [16.46,27.97,39.5,61.98,95.36,135.56,216.47,257.18,260.92,411.67,431.74,642.96,819.42,895.61,917.26,1048.35,1104.3,1112.07,1156.37,1172.99,1175.92,1189.48,1263.88,1292.97,1333.13,1400.8,1457.92,1475.33,1484.06,1486.07,1487.94,1494.77,1499.69,1505.11,1515.54,1531.27,2901.58,2917.37,2942.48,2953.44,2995.28,3000.71,3001.55,3072.39,3077.13,3093.48,3099.38,3583.55]                                                                                                           92.13799999999998  -309.7422984230488  [6.418096687999999,1.169599236,1.087497556]               
1DME1etoh 1DME1etoh-01000100_1_345 1.0 [-37.9,5.97,20.61,54.95,58.01,122.67,217.65,249.66,255.92,412.21,431.59,648.59,817.87,894.74,922.77,1044.18,1108.99,1109.45,1156.95,1175.39,1177.32,1186.21,1266.77,1291.76,1318.58,1399.93,1458.25,1465.33,1483.3,1484.6,1488.22,1493.67,1500.75,1504.66,1516.9,1531.63,2908.86,2925.01,2940.59,2951.9,2992.11,2997.77,3000.36,3072.14,3075.7,3092.98,3094.37,3621.0]                                                                                                               92.13799999999998  -309.7424588189992  [6.929193901,1.0661520640000002,1.006816551]              
1DME1etoh 1DME1etoh-01000100_1_958 1.0 [23.16,27.75,35.08,62.5,79.56,130.93,213.62,257.49,258.98,414.53,430.94,646.21,819.23,894.54,918.84,1045.76,1105.46,1109.97,1156.54,1174.1,1175.77,1188.9,1264.91,1293.03,1322.7,1400.64,1458.25,1469.17,1482.6,1485.36,1488.49,1494.02,1500.36,1505.04,1516.22,1532.15,2913.58,2931.18,2942.66,2954.0,2994.38,3000.07,3001.37,3072.36,3075.69,3091.83,3100.93,3599.64]                                                                                                              92.13799999999998  -309.74253879665065 [7.521346296,1.045979039,0.9824980040000001]              
1DME1etoh 1DME1etoh-01000100_1_861 1.0 [18.59,34.92,39.04,66.27,103.15,135.61,216.12,257.32,262.82,412.05,434.12,636.68,821.23,895.99,916.25,1049.41,1103.18,1113.21,1156.13,1172.18,1175.71,1189.73,1263.71,1293.91,1336.39,1401.43,1457.73,1479.21,1484.47,1485.97,1488.1,1494.85,1499.54,1505.26,1515.26,1531.82,2902.06,2918.69,2943.21,2954.09,2996.12,3000.91,3002.73,3072.88,3077.0,3092.62,3099.82,3576.51]                                                                                                         92.13799999999998  -309.74211163916164 [6.638599552,1.142108851,1.04631544]                      
1DME1etoh 1DME1etoh-01000100_1_624 1.0 [19.67,33.14,43.04,57.96,100.55,141.08,213.1,258.19,264.23,412.51,431.66,610.96,820.81,895.66,915.46,1049.16,1101.41,1112.75,1154.78,1170.48,1175.87,1189.81,1262.8,1293.23,1336.91,1401.14,1456.72,1479.72,1484.69,1485.94,1488.19,1495.53,1499.13,1505.2,1514.16,1532.36,2904.38,2926.24,2944.61,2955.18,2998.03,3000.62,3004.13,3072.86,3076.47,3092.66,3096.78,3575.39]                                                                                                          92.13799999999998  -309.74236805172484 [7.103138361999999,1.128815391,1.017817917]               
1DME1etoh 1DME1etoh-01000100_1_948 1.0 [-37.94,9.89,23.23,47.86,64.08,121.87,217.07,248.14,257.72,412.25,432.83,646.03,819.09,895.02,922.87,1045.16,1109.39,1110.59,1156.75,1175.57,1177.26,1186.14,1266.92,1292.56,1319.39,1400.13,1458.36,1467.06,1482.94,1484.77,1487.96,1493.34,1500.89,1505.1,1517.15,1532.1,2907.5,2925.1,2940.82,2952.12,2992.02,2997.66,2999.82,3071.83,3075.74,3092.25,3095.62,3613.22]                                                                                                            92.13799999999998  -309.7423891622855  [7.1420207829999995,1.0325162270000001,0.9662444779999999]
1DME1etoh 1DME1etoh-01000100_1_586 1.0 [-29.71,12.71,19.84,47.99,63.84,121.12,218.94,249.79,256.42,413.06,432.96,648.66,817.65,894.94,923.46,1044.82,1109.7,1110.27,1157.23,1174.82,1177.82,1186.48,1267.24,1292.05,1318.22,1400.27,1458.68,1466.71,1483.31,1484.86,1488.26,1493.79,1501.13,1504.97,1517.45,1531.81,2909.38,2925.71,2940.54,2951.88,2991.83,2997.7,2999.94,3071.8,3075.32,3092.21,3095.27,3616.12]                                                                                                          92.13799999999998  -309.74241057258985 [7.243256647,1.0269922839999999,0.962663252]              
1DME1etoh 1DME1etoh-01000100_1_623 1.0 [-4.66,29.5,36.29,62.38,88.5,142.06,214.48,257.69,263.55,414.04,432.57,638.38,819.47,895.75,915.9,1048.76,1102.78,1112.22,1155.99,1171.64,1175.43,1190.21,1263.77,1292.67,1333.99,1401.48,1457.72,1477.54,1484.41,1485.41,1488.34,1495.44,1499.64,1505.2,1515.14,1532.24,2905.56,2929.43,2945.27,2955.61,2999.05,3000.17,3004.38,3072.45,3075.64,3092.49,3097.68,3571.15]                                                                                                            92.13799999999998  -309.7425068123849  [7.31706865,1.080093484,0.992234262]                      
1DME1etoh 1DME1etoh-01000100_1_602 1.0 [-26.84,34.12,44.78,59.35,102.83,134.49,214.95,254.42,260.93,412.39,432.4,610.34,820.69,896.18,916.91,1049.33,1103.37,1113.08,1155.25,1171.9,1175.24,1189.15,1263.61,1293.69,1337.83,1401.42,1457.42,1479.37,1483.89,1487.15,1487.88,1494.46,1499.55,1504.97,1515.19,1531.57,2904.09,2920.6,2943.07,2954.27,2995.55,3000.74,3002.43,3072.64,3076.49,3093.67,3097.07,3582.6]                                                                                                          92.13799999999998  -309.7421279312157  [6.8364953690000005,1.1416889559999999,1.02899008]        
1DME1etoh 1DME1etoh-01000100_1_840 1.0 [-18.69,35.73,47.75,58.51,81.17,83.7,225.81,235.14,263.34,279.8,414.04,415.83,824.97,886.47,925.79,1025.67,1091.1,1109.92,1155.56,1176.04,1176.56,1189.38,1262.45,1276.21,1300.86,1400.57,1450.09,1455.94,1482.14,1485.64,1489.1,1494.29,1503.22,1508.0,1517.95,1531.74,2922.54,2938.98,2939.8,2965.04,2990.03,2992.66,3003.99,3076.49,3077.33,3078.77,3082.21,3756.36]                                                                                                              92.13799999999998  -309.737310175916   [4.891624949,1.337208601,1.1849599100000001]              
1DME1etoh 1DME1etoh-01000100_1_529 1.0 [-15.1,-5.97,7.55,9.76,16.91,21.77,224.11,230.54,257.87,284.5,414.47,417.53,822.06,890.79,928.64,1027.11,1094.76,1111.32,1153.23,1174.5,1177.83,1186.45,1260.45,1276.41,1294.55,1401.04,1449.9,1457.0,1481.07,1485.51,1488.64,1491.43,1500.34,1505.72,1517.79,1531.88,2916.7,2929.76,2931.66,2952.98,2961.04,2967.02,3004.96,3078.07,3080.39,3081.27,3082.24,3755.84]                                                                                                                92.13799999999998  -309.73329608866163 [7.885780727,0.247415281,0.243355692]                     
1DME1etoh 1DME1etoh-01000100_1_952 1.0 [-14.71,-6.67,8.55,12.25,16.39,21.08,223.96,232.67,258.0,285.44,413.65,417.59,822.72,890.81,928.06,1027.02,1094.84,1110.96,1153.32,1174.57,1177.49,1186.53,1260.2,1276.79,1295.24,1401.68,1450.58,1457.09,1481.13,1485.59,1488.97,1491.47,1500.41,1505.99,1517.9,1532.13,2917.38,2930.83,2932.29,2953.58,2962.12,2967.95,3004.46,3077.64,3080.04,3080.27,3081.92,3755.45]                                                                                                            92.13799999999998  -309.7334798720196  [5.2841233249999995,0.386184923,0.369519768]              
1DME1etoh 1DME1etoh-01000100_1_522 1.0 [-28.88,-11.03,-5.33,6.28,14.01,17.53,224.11,232.58,257.88,287.71,413.75,417.51,822.77,890.85,928.23,1027.18,1094.9,1111.18,1153.24,1174.35,1177.48,1186.36,1260.17,1276.93,1295.06,1401.56,1450.3,1457.06,1481.01,1485.53,1488.71,1491.33,1500.22,1505.76,1517.8,1531.98,2916.87,2930.42,2932.08,2953.29,2961.04,2968.01,3004.66,3077.95,3079.38,3080.77,3082.92,3755.33]                                                                                                           92.13799999999998  -309.73356454539527 [8.189285208,0.35243397499999995,0.347988525]             
1DME1etoh 1DME1etoh-01000100_1_786 1.0 [-25.53,-13.03,-6.15,12.75,19.48,31.6,222.65,232.63,255.86,284.43,413.65,418.26,823.85,891.19,928.41,1027.21,1094.24,1111.46,1152.9,1174.56,1178.05,1186.14,1260.26,1276.5,1294.84,1402.38,1449.99,1457.1,1481.0,1485.68,1489.12,1491.31,1500.46,1506.48,1517.85,1532.38,2917.17,2931.25,2932.07,2954.36,2961.5,2967.38,3004.51,3078.74,3079.9,3080.13,3082.01,3754.85]                                                                                                              92.13799999999998  -309.733485080592   [6.197481531,0.444410162,0.424474395]                     
1DME1meoh 1DME1meoh-10000100_1_243 1.0 [1.86,22.99,36.38,84.84,121.97,158.55,213.36,259.49,414.11,672.55,917.39,1053.29,1104.44,1111.94,1156.07,1166.03,1173.44,1188.96,1264.39,1441.54,1457.99,1478.14,1483.39,1485.23,1494.5,1495.61,1500.23,1515.35,1518.51,2926.11,2944.83,2955.27,2963.0,2997.8,3003.31,3056.9,3095.08,3096.63,3582.02]                                                                                                                                                                                         78.11099999999996  -270.4793658513461  [7.616407188999999,1.823323977,1.6333354070000001]        
1DME1meoh 1DME1meoh-10000100_1_341 1.0 [3.01,23.31,31.32,84.99,120.24,157.76,209.78,258.69,414.81,668.81,917.22,1053.28,1104.17,1111.72,1155.64,1165.49,1173.46,1188.89,1264.13,1440.91,1458.07,1477.9,1483.17,1485.5,1494.36,1495.72,1500.03,1515.2,1518.46,2926.24,2944.47,2954.98,2963.3,2997.34,3002.76,3056.64,3094.94,3096.56,3579.57]                                                                                                                                                                                         78.11099999999996  -270.4793444369139  [7.626269325,1.826024255,1.635045595]                     
1DME1meoh 1DME1meoh-10000100_1_901 1.0 [3.91,33.38,44.57,100.03,125.76,153.53,217.28,258.71,414.04,672.04,918.51,1055.75,1105.75,1109.63,1156.59,1166.13,1174.46,1188.8,1264.57,1440.4,1457.75,1477.46,1483.68,1484.83,1494.87,1496.04,1501.12,1516.07,1518.14,2918.82,2941.59,2952.44,2954.04,2994.31,2999.7,3056.81,3094.42,3096.97,3592.32]                                                                                                                                                                                       78.11099999999996  -270.47907530076105 [7.008217642,1.9803476439999999,1.795369254]              
1DME1meoh 1DME1meoh-10000100_1_956 1.0 [3.98,37.5,45.33,101.13,126.15,162.18,212.87,261.88,413.56,620.5,916.49,1055.31,1102.7,1117.48,1155.24,1165.89,1172.53,1189.43,1263.61,1451.51,1460.77,1477.13,1484.34,1485.78,1494.26,1497.8,1499.8,1514.84,1520.13,2922.27,2944.7,2955.27,2962.05,2997.87,3003.41,3057.18,3093.62,3097.36,3581.69]                                                                                                                                                                                          78.11099999999996  -270.47908453448485 [7.61687201,1.9381084579999999,1.633932084]               
1DME1meoh 1DME1meoh-10000100_1_978 1.0 [6.76,34.75,44.69,99.12,126.74,152.4,216.82,258.47,413.95,671.76,918.05,1055.53,1105.58,1109.23,1156.61,1166.16,1174.3,1188.81,1264.43,1440.67,1457.85,1477.3,1483.73,1485.0,1494.75,1495.92,1501.33,1515.87,1518.15,2918.95,2941.95,2952.84,2953.7,2994.82,3000.24,3057.76,3094.54,3096.4,3592.79]                                                                                                                                                                                           78.11099999999996  -270.4791118123987  [6.940774382,2.008063246,1.8216404179999999]              
1DME1meoh 1DME1meoh-10000100_1_786 1.0 [7.92,44.16,52.37,109.85,135.48,155.27,213.27,261.69,413.9,639.03,916.5,1056.17,1103.19,1116.18,1155.42,1165.33,1172.7,1188.95,1263.79,1451.61,1460.34,1477.11,1483.93,1485.66,1494.09,1497.04,1499.85,1515.34,1519.44,2919.09,2943.21,2954.0,2955.08,2995.68,3002.18,3057.19,3092.39,3099.18,3585.58]                                                                                                                                                                                        78.11099999999996  -270.47885787655264 [7.075747773,2.0349697,1.731973333]                       
1DME1meoh 1DME1meoh-10000100_1_833 1.0 [7.66,46.38,51.47,115.07,128.91,155.91,214.65,259.94,414.07,614.15,917.57,1056.53,1103.92,1117.37,1155.57,1165.06,1173.34,1189.01,1264.03,1452.5,1462.09,1477.36,1484.11,1485.91,1494.26,1496.41,1500.57,1515.93,1519.71,2918.78,2942.37,2953.27,2954.8,2994.56,3001.41,3056.05,3094.15,3096.89,3589.97]                                                                                                                                                                                      78.11099999999996  -270.4787844792455  [7.328773074,1.986578766,1.6586232749999998]              
1DME1meoh 1DME1meoh-10000100_1_936 1.0 [23.69,38.29,41.92,95.49,125.57,161.94,211.91,262.26,413.78,644.59,916.64,1054.55,1103.02,1115.57,1155.71,1165.19,1173.38,1189.67,1263.81,1448.46,1458.73,1477.47,1483.96,1485.25,1494.71,1496.5,1499.55,1514.72,1519.35,2923.6,2944.39,2954.91,2963.18,2997.79,3003.04,3057.75,3092.45,3097.98,3577.52]                                                                                                                                                                                      78.11099999999996  -270.47915787022043 [7.624636195,1.878339035,1.624775985]                     
1DME1meoh 1DME1meoh-10000100_1_882 1.0 [-40.51,7.28,27.44,74.64,123.88,144.69,216.27,248.0,415.35,658.18,922.79,1053.93,1104.81,1109.45,1156.89,1166.29,1177.35,1186.4,1266.72,1430.82,1458.46,1477.86,1483.11,1484.84,1493.67,1495.86,1500.85,1516.72,1517.65,2924.02,2941.05,2952.33,2960.58,2992.44,2998.06,3057.21,3092.91,3094.4,3622.92]                                                                                                                                                                                       78.11099999999996  -270.47914829863555 [7.364170418,1.829932747,1.6466911869999998]              
1DME1meoh 1DME1meoh-10000100_1_784 1.0 [15.0,38.3,51.45,116.6,132.75,160.27,216.67,261.96,413.97,628.91,917.29,1055.65,1103.76,1118.97,1155.86,1165.18,1173.05,1189.49,1263.94,1451.63,1461.81,1477.72,1484.31,1485.88,1494.65,1496.81,1500.32,1515.93,1519.83,2919.41,2942.65,2953.85,2955.68,2994.58,3002.21,3056.72,3091.56,3099.47,3582.54]                                                                                                                                                                                      78.11099999999996  -270.4787884123742  [7.213867185,1.987331517,1.676570137]                     
1DME1meoh 1DME1meoh-10000100_1_540 1.0 [-31.84,19.96,24.89,77.12,122.48,146.44,217.84,249.06,416.6,659.26,923.16,1053.46,1105.65,1109.83,1156.68,1166.46,1177.55,1186.4,1267.09,1429.82,1458.45,1478.37,1483.12,1485.02,1493.7,1496.17,1500.98,1516.69,1517.52,2924.66,2940.69,2952.1,2960.87,2991.76,2997.55,3057.61,3093.06,3094.64,3621.8]                                                                                                                                                                                        78.11099999999996  -270.47918472186    [7.426547843000001,1.816646835,1.638060821]               
1DME1meoh 1DME1meoh-10000100_1_934 1.0 [-24.66,29.36,35.8,95.98,123.65,164.86,208.23,262.79,414.68,642.59,916.14,1054.86,1102.35,1117.98,1155.41,1165.36,1172.22,1189.43,1263.55,1448.57,1459.14,1478.29,1483.61,1486.04,1494.63,1496.63,1499.62,1514.72,1519.35,2921.92,2945.33,2955.74,2960.47,2998.66,3004.01,3056.01,3092.45,3098.38,3571.63]                                                                                                                                                                                    78.11099999999996  -270.47916648215886 [7.684888482,1.8791101060000002,1.619807764]              
1DME1meoh 1DME1meoh-10000100_1_636 1.0 [-48.03,-25.87,22.99,102.55,116.71,149.57,214.8,248.03,416.99,546.85,923.6,1055.74,1109.82,1118.46,1156.45,1164.62,1177.14,1186.24,1267.11,1451.8,1464.37,1477.88,1482.19,1486.69,1492.47,1496.39,1501.08,1517.58,1520.38,2921.77,2940.38,2952.02,2957.88,2990.87,2997.36,3057.72,3090.73,3095.18,3624.31]                                                                                                                                                                                    78.11099999999996  -270.4787212323629  [7.731506897,1.797627402,1.499982042]                     
1DME1meoh 1DME1meoh-10000100_1_552 1.0 [-50.1,-28.48,32.86,101.82,120.41,149.0,213.33,247.25,416.48,548.49,923.31,1055.88,1108.84,1116.53,1155.85,1164.75,1176.07,1185.99,1266.51,1452.3,1463.24,1477.25,1481.94,1486.48,1492.16,1496.77,1500.8,1517.02,1520.55,2919.52,2939.75,2951.4,2955.4,2990.62,2996.94,3056.83,3091.54,3094.97,3624.58]                                                                                                                                                                                       78.11099999999996  -270.47879364058724 [7.7377566269999996,1.842192663,1.531926406]              
1DMS      1DMS                     2.0 [190.65,192.86,264.44,678.01,724.91,919.75,955.7,995.71,1057.18,1353.87,1379.98,1471.07,1481.5,1488.2,1496.36,2997.23,2999.71,3068.91,3076.69,3101.91,3102.58]                                                                                                                                                                                                                                                                                                                                                  62.13              -477.4786560722064  [17.628065503000002,7.515251801000001,5.643780702]        
1DMS1dma  1dma1DMS-00010010_1_758  1.0 [6.85,14.01,26.54,63.2,71.0,117.4,191.22,198.72,232.85,265.84,271.86,392.0,675.13,721.57,843.1,922.6,959.06,963.8,1003.38,1036.67,1059.87,1093.69,1163.06,1181.21,1268.02,1355.88,1382.96,1439.92,1467.13,1471.76,1481.39,1483.06,1487.4,1497.49,1498.85,1503.07,1520.95,1541.2,2869.81,2877.2,3002.3,3005.18,3007.8,3008.23,3056.7,3058.31,3078.95,3086.04,3105.86,3106.84,3410.52]                                                                                              107.21499999999999 -612.4805824392984  [3.4880206090000003,1.143734948,0.962362055]              
1DMS1dma  1dma1DMS-00010010_1_206  1.0 [19.87,42.27,64.85,69.56,85.26,136.79,207.62,212.13,237.94,270.06,276.7,392.75,677.12,721.76,835.29,926.15,953.88,964.51,1005.67,1038.73,1061.92,1095.04,1163.99,1178.54,1261.64,1351.14,1378.63,1441.13,1467.65,1472.52,1481.25,1484.36,1491.25,1498.09,1502.5,1504.8,1523.0,1540.04,2873.51,2879.98,3001.31,3003.62,3008.2,3008.62,3059.62,3060.85,3080.45,3086.61,3104.24,3105.33,3409.81]                                                                                     107.21499999999999 -612.4820274011668  [3.5319731649999997,1.1630691469999999,0.9736290910000001]
1DMS1dma  1dma1DMS-00010010_1_565  1.0 [6.85,30.69,47.82,61.83,73.94,111.63,176.09,182.09,244.09,262.83,279.52,390.82,675.54,723.41,839.77,920.34,956.86,961.24,999.91,1036.89,1057.43,1094.79,1163.92,1179.66,1265.64,1355.84,1381.05,1440.45,1467.54,1470.63,1480.65,1481.24,1486.28,1493.38,1498.79,1503.06,1521.36,1542.8,2861.46,2871.66,3004.71,3005.77,3007.58,3008.63,3051.02,3063.27,3081.39,3088.27,3106.98,3109.0,3411.6]                                                                                     107.21499999999999 -612.4801897425119  [3.547949704,1.052458586,0.992961683]                     
1DMS1dma  1dma1DMS-00010010_1_877  1.0 [8.78,28.39,47.5,64.24,83.91,120.93,182.05,186.55,245.07,264.35,275.51,388.94,676.52,724.02,832.88,921.26,952.37,958.87,998.0,1038.58,1057.94,1096.31,1167.06,1176.15,1263.98,1354.81,1380.17,1440.3,1467.17,1470.58,1479.09,1481.61,1485.45,1494.0,1497.15,1503.64,1522.0,1543.08,2841.38,2856.21,3003.04,3003.78,3006.23,3007.36,3055.1,3064.65,3078.38,3086.12,3107.08,3107.8,3415.9]                                                                                          107.21499999999999 -612.4800578035292  [3.5555356270000003,1.121616553,1.026334413]              
1DMS1dma  1dma1DMS-00010010_1_818  1.0 [13.43,34.82,48.89,60.41,81.9,112.44,185.0,190.08,239.95,264.04,273.04,388.17,677.69,725.09,828.98,921.42,951.0,958.82,997.82,1038.11,1058.25,1095.7,1167.26,1175.18,1263.83,1354.87,1380.37,1440.27,1467.21,1470.48,1479.92,1481.14,1485.43,1493.62,1497.52,1503.3,1521.92,1540.29,2840.52,2858.08,3002.52,3005.34,3006.16,3007.4,3058.64,3065.67,3077.46,3085.53,3105.8,3108.43,3423.41]                                                                                        107.21499999999999 -612.480126883277   [3.514712507,1.153738681,1.027185044]                     
1DMS1dma  1dma1DMS-00010010_1_839  1.0 [17.26,38.02,51.93,63.33,84.94,121.41,179.8,186.42,243.6,263.82,273.25,388.41,676.35,723.73,828.2,920.64,951.08,958.91,997.69,1037.38,1057.55,1096.19,1166.94,1176.52,1263.9,1354.54,1379.93,1440.51,1467.29,1470.44,1479.37,1481.33,1484.84,1493.49,1498.26,1503.42,1522.21,1541.47,2842.46,2859.2,3003.28,3006.19,3006.46,3007.62,3057.45,3063.41,3078.94,3086.34,3106.26,3108.58,3422.53]                                                                                      107.21499999999999 -612.4801478477629  [3.542630339,1.149991563,1.031565044]                     
1DMS1dma  1dma1DMS-00010010_1_845  1.0 [19.28,38.82,50.41,66.31,82.74,118.3,184.91,189.92,245.3,264.79,275.52,388.84,676.56,723.89,829.69,921.55,951.68,958.98,998.0,1038.25,1058.07,1095.9,1167.35,1175.96,1263.98,1355.33,1380.84,1440.41,1467.44,1470.77,1479.76,1481.41,1485.99,1494.29,1498.02,1503.11,1521.78,1541.71,2842.01,2858.07,3003.24,3004.8,3006.27,3007.15,3056.26,3063.69,3078.11,3085.44,3107.73,3109.14,3420.61]                                                                                      107.21499999999999 -612.4800711954616  [3.562928777,1.1342337150000001,1.021647588]              
1DMS1dma  1dma1DMS-00010010_1_572  1.0 [-12.69,21.27,32.9,57.95,74.17,117.65,187.24,192.5,235.91,263.8,272.56,391.24,674.23,721.6,843.84,921.94,959.29,963.35,1002.41,1037.11,1059.26,1094.74,1163.9,1181.43,1267.73,1356.17,1382.78,1440.53,1467.5,1471.96,1480.97,1483.18,1486.67,1496.67,1498.17,1503.11,1521.42,1541.23,2868.9,2877.22,3002.62,3005.45,3007.84,3008.38,3055.89,3059.64,3079.18,3086.84,3105.57,3106.44,3411.31]                                                                                      107.21499999999999 -612.480461238996   [3.483888969,1.1288146099999998,0.959914381]              
1DMS1dma  1dma1DMS-00010010_1_974  1.0 [-21.2,14.71,38.83,48.45,72.19,111.33,175.04,184.04,240.65,263.75,275.55,390.91,676.12,723.58,840.11,920.84,956.67,960.57,999.18,1036.51,1057.6,1094.67,1163.37,1179.53,1265.54,1356.24,1381.27,1440.1,1467.05,1470.4,1480.05,1481.42,1486.01,1493.25,1498.05,1502.46,1521.03,1541.7,2858.73,2870.77,3003.12,3005.31,3005.9,3007.81,3051.39,3064.37,3078.35,3085.53,3106.75,3108.25,3411.32]                                                                                      107.21499999999999 -612.4799195216602  [3.5036013429999997,1.046652647,0.9831446939999999]       
1DMS1dma  1dma1DMS-00010010_1_922  1.0 [-18.2,25.4,36.46,47.29,71.87,113.27,181.8,187.42,235.0,264.07,272.21,391.47,675.11,722.69,844.26,921.32,958.22,962.26,1000.29,1036.18,1058.29,1093.81,1163.45,1180.71,1267.12,1356.66,1382.45,1440.23,1467.36,1471.42,1480.14,1482.59,1486.5,1494.84,1498.11,1502.16,1520.97,1540.86,2866.03,2875.41,3002.94,3005.77,3007.76,3008.82,3054.75,3060.64,3078.82,3086.71,3106.01,3106.69,3410.14]                                                                                    107.21499999999999 -612.4801483675668  [3.505535748,1.083176962,0.9489496719999999]              
1DMS1dma  1dma1DMS-00010010_1_374  1.0 [-18.71,18.6,46.14,49.4,71.95,113.1,184.86,189.66,238.22,263.76,274.58,391.22,675.61,723.0,842.14,921.25,957.72,962.16,1000.63,1036.97,1058.24,1094.37,1163.85,1180.32,1266.73,1356.41,1382.2,1440.27,1467.21,1471.2,1480.0,1482.48,1487.03,1494.62,1498.46,1502.26,1520.89,1542.03,2864.85,2874.24,3003.42,3006.2,3007.03,3007.52,3054.8,3061.08,3079.53,3087.0,3106.21,3106.91,3410.41]                                                                                         107.21499999999999 -612.4801096626845  [3.515205262,1.0779612600000001,0.95415223]               
1DMS1dma  1dma1DMS-00010010_1_347  1.0 [-17.05,26.2,42.49,47.99,72.2,114.62,185.47,190.91,238.06,264.7,273.56,391.2,675.84,722.91,843.07,921.67,958.03,962.61,1001.17,1037.02,1058.7,1094.22,1163.14,1180.41,1267.18,1356.23,1382.16,1440.16,1467.19,1471.16,1479.95,1482.76,1486.79,1494.88,1497.98,1502.63,1521.18,1541.52,2866.14,2875.38,3003.11,3005.91,3006.71,3007.75,3054.74,3060.75,3079.17,3086.84,3106.36,3107.2,3410.61]                                                                                     107.21499999999999 -612.4801634484921  [3.509600527,1.087897577,0.951491123]                     
1DMS1dma  1dma1DMS-00010010_1_793  1.0 [-20.67,23.68,44.96,52.58,71.65,111.4,179.8,187.44,237.43,263.42,275.97,391.84,675.57,723.13,843.39,920.79,957.71,961.76,1000.1,1036.17,1057.72,1094.2,1162.35,1180.31,1266.4,1356.55,1381.93,1440.04,1467.16,1471.17,1479.94,1482.12,1486.18,1493.29,1498.42,1502.24,1520.58,1542.26,2862.58,2873.11,3003.69,3005.61,3006.47,3008.64,3051.73,3063.21,3079.82,3086.88,3106.7,3107.36,3409.45]                                                                                     107.21499999999999 -612.4800402477745  [3.5119051760000004,1.069016632,0.975698992]              
1DMS1dma  1dma1DMS-00010010_1_878  1.0 [-20.58,25.35,47.77,57.12,73.46,111.03,181.97,186.45,245.5,263.66,276.95,389.69,676.06,723.82,835.5,920.78,953.73,959.72,998.38,1037.44,1057.41,1095.29,1165.06,1178.14,1265.0,1355.68,1380.63,1440.38,1467.5,1470.83,1479.97,1481.91,1486.35,1494.84,1497.21,1503.38,1521.82,1542.96,2850.11,2863.23,3003.57,3004.28,3006.45,3007.46,3051.53,3064.44,3078.79,3086.03,3106.59,3108.31,3412.49]                                                                                    107.21499999999999 -612.4799040799645  [3.530989192,1.03867844,1.02419421]                       
1DMS1dma  1dma1DMS-00010010_1_935  1.0 [-25.21,-13.53,59.96,71.66,84.45,93.93,190.95,220.29,238.82,272.66,275.64,389.55,678.93,723.04,792.37,927.09,935.56,962.98,1005.28,1031.55,1062.48,1094.24,1154.38,1181.05,1262.23,1349.27,1377.37,1442.94,1468.49,1471.01,1475.51,1483.17,1486.81,1494.6,1500.21,1506.55,1519.41,1522.46,2885.0,2891.03,2993.95,3002.97,3017.22,3033.12,3065.89,3074.33,3075.66,3082.85,3099.94,3105.47,3461.35]                                                                                 107.21499999999999 -612.4804706678094  [3.6279719129999997,1.1030335560000002,1.000971742]       
1DMS1etoh 1DMS1etoh-01000010_1_802 1.0 [1.46,30.37,32.8,77.63,85.16,140.0,188.98,199.59,252.92,266.41,429.68,588.25,674.7,720.8,818.27,894.08,924.92,966.76,1005.05,1045.3,1061.28,1108.59,1175.28,1293.8,1320.6,1354.97,1380.8,1401.4,1469.2,1472.88,1483.49,1488.75,1489.44,1497.26,1505.01,1531.62,2916.93,2940.79,3001.42,3007.38,3010.31,3073.36,3077.19,3089.24,3095.28,3108.89,3110.57,3523.25]                                                                                                                      108.19899999999998 -632.3638075688992  [4.81351148,0.921601547,0.862298034]                      
1DMS1etoh 1DMS1etoh-01000010_1_722 1.0 [4.66,29.69,33.85,66.46,86.29,138.32,180.41,193.97,255.43,265.39,431.42,584.71,673.3,720.69,819.09,894.39,925.32,968.44,1005.3,1045.23,1061.28,1109.13,1174.81,1294.1,1319.19,1356.09,1382.23,1401.0,1468.46,1473.24,1484.97,1485.56,1488.74,1494.91,1505.22,1531.42,2921.48,2941.77,3000.97,3008.39,3011.22,3073.29,3076.18,3090.79,3096.96,3109.97,3110.64,3516.6]                                                                                                                 108.19899999999998 -632.3638131391425  [4.871211047,0.874304251,0.8294239609999999]              
1DMS1etoh 1DMS1etoh-01000010_1_330 1.0 [3.83,17.72,30.59,55.5,71.53,136.67,178.7,190.4,256.97,263.01,427.51,583.46,673.75,722.14,818.45,894.44,923.25,965.4,1002.79,1044.58,1059.34,1107.92,1175.55,1292.45,1323.68,1357.42,1383.34,1401.41,1469.44,1472.36,1483.61,1485.68,1488.69,1495.39,1505.24,1532.14,2916.86,2937.91,3000.3,3007.6,3010.43,3071.99,3075.21,3087.12,3093.72,3109.13,3110.97,3524.78]                                                                                                                  108.19899999999998 -632.3629321164553  [4.91760081,0.872658654,0.824244654]                      
1DMS1etoh 1DMS1etoh-01000010_1_809 1.0 [6.84,13.46,23.28,51.01,73.36,135.9,178.31,189.85,255.74,263.8,427.43,579.25,674.15,721.94,818.23,894.54,923.26,963.79,1002.09,1044.61,1059.31,1108.38,1175.76,1292.38,1323.47,1356.89,1382.29,1401.42,1469.12,1471.58,1482.53,1486.44,1488.67,1495.39,1505.05,1531.84,2912.53,2938.28,3000.68,3007.12,3010.03,3072.61,3075.91,3086.35,3092.91,3109.0,3112.08,3524.01]                                                                                                               108.19899999999998 -632.3627336786187  [4.910404295,0.875540737,0.817202121]                     
1DMS1etoh 1DMS1etoh-01000010_1_181 1.0 [6.95,17.31,21.84,49.38,71.55,134.32,179.04,189.05,257.03,263.27,426.63,583.08,674.43,722.38,818.4,894.52,922.36,962.74,1001.24,1043.93,1058.81,1107.74,1175.72,1292.17,1322.19,1356.28,1381.48,1401.19,1467.77,1471.61,1482.35,1486.33,1488.87,1495.11,1504.91,1531.78,2908.23,2938.42,3000.74,3007.03,3009.9,3072.81,3076.18,3086.06,3092.77,3109.0,3110.75,3532.81]                                                                                                               108.19899999999998 -632.3628039915664  [4.966410578,0.8919611700000001,0.82919043]               
1DMS1etoh 1DMS1etoh-01000010_1_934 1.0 [5.17,23.42,32.83,55.35,70.42,135.2,175.91,188.84,258.29,263.66,426.69,581.63,674.02,721.77,818.82,894.25,923.36,964.61,1002.22,1044.23,1059.23,1107.64,1176.1,1293.14,1323.45,1357.05,1383.01,1401.58,1469.19,1471.93,1482.62,1486.14,1488.72,1495.32,1505.53,1532.19,2917.72,2938.32,3000.73,3007.14,3009.98,3072.71,3076.1,3086.15,3092.93,3109.41,3110.85,3528.02]                                                                                                               108.19899999999998 -632.3628447419949  [4.927941488,0.874881337,0.825979856]                     
1DMS1etoh 1DMS1etoh-01000010_1_415 1.0 [9.81,20.18,32.4,57.53,72.89,136.09,175.78,187.58,256.24,263.15,426.96,583.17,673.27,721.8,818.29,893.87,923.32,965.45,1002.79,1044.3,1059.4,1107.77,1175.33,1292.44,1324.03,1357.3,1383.13,1400.97,1469.64,1472.18,1483.13,1485.36,1488.33,1495.33,1504.93,1531.4,2918.68,2938.64,3000.34,3007.81,3010.82,3072.64,3075.6,3087.76,3094.93,3109.49,3110.22,3523.71]                                                                                                                   108.19899999999998 -632.3629778731133  [4.925364201000001,0.870329017,0.824010884]               
1DMS1etoh 1DMS1etoh-01000010_1_575 1.0 [10.54,17.48,24.26,47.53,73.34,134.31,179.36,189.83,257.28,263.68,427.01,581.91,673.95,721.56,818.75,894.65,921.94,961.89,1000.66,1044.75,1058.39,1108.51,1175.85,1292.29,1322.59,1355.98,1380.92,1401.11,1468.62,1471.33,1482.14,1486.24,1488.49,1494.76,1505.11,1532.19,2906.51,2934.59,3000.52,3006.66,3009.79,3072.67,3076.02,3085.48,3092.47,3109.07,3111.81,3529.82]                                                                                                           108.19899999999998 -632.3626481780501  [4.93591596,0.891790371,0.824186396]                      
1DMS1etoh 1DMS1etoh-01000010_1_832 1.0 [12.4,30.77,38.96,77.18,90.61,138.92,189.18,200.39,254.21,266.39,429.63,577.56,674.44,720.66,818.1,894.46,926.0,967.94,1006.18,1044.78,1061.77,1108.9,1175.15,1293.7,1319.21,1355.18,1381.02,1400.81,1467.82,1473.01,1483.64,1488.36,1489.94,1497.93,1504.99,1531.36,2919.26,2940.24,3000.94,3007.34,3010.77,3073.55,3076.26,3089.83,3096.06,3108.56,3111.54,3529.61]                                                                                                                108.19899999999998 -632.3638006456403  [4.759755245,0.9289188319999999,0.869694361]              
1DMS1etoh 1DMS1etoh-01000010_1_894 1.0 [3.03,36.21,46.3,61.53,83.93,123.17,177.27,188.06,253.23,264.24,428.95,576.96,676.24,724.16,821.42,895.62,922.25,961.93,999.72,1045.15,1058.34,1109.03,1175.73,1292.23,1319.9,1355.07,1380.58,1401.15,1467.01,1471.28,1481.91,1484.44,1488.08,1493.69,1504.88,1531.0,2898.25,2921.26,3001.82,3006.98,3010.23,3073.6,3078.33,3084.98,3092.08,3109.27,3113.74,3542.47]                                                                                                                 108.19899999999998 -632.3625734784762  [4.375992606,0.951286053,0.907521532]                     
1DMS1etoh 1DMS1etoh-01000010_1_642 1.0 [18.5,27.94,35.44,75.87,85.32,139.9,186.96,200.6,251.77,266.83,429.6,588.8,674.96,720.97,818.74,894.16,925.42,966.33,1004.83,1045.2,1061.55,1108.68,1175.08,1293.34,1320.07,1355.08,1380.71,1401.13,1468.76,1472.79,1483.73,1488.21,1488.91,1497.03,1505.03,1531.36,2916.59,2939.55,3001.13,3007.15,3010.52,3073.45,3076.78,3088.75,3095.08,3108.79,3111.33,3525.14]                                                                                                                 108.19899999999998 -632.3638554756552  [4.792244038,0.93012204,0.868845794]                      
1DMS1etoh 1DMS1etoh-01000010_1_754 1.0 [12.02,35.93,39.68,78.64,87.58,140.9,188.72,202.73,254.21,266.85,430.56,583.3,674.02,720.2,819.4,894.12,926.24,968.61,1006.47,1045.14,1062.08,1108.92,1175.15,1293.68,1319.85,1355.52,1381.47,1401.16,1468.66,1473.12,1484.08,1488.45,1489.15,1497.31,1505.08,1531.59,2918.99,2940.1,3001.22,3007.6,3010.77,3073.71,3076.38,3090.03,3096.14,3108.74,3111.51,3524.32]                                                                                                                 108.19899999999998 -632.3638074006939  [4.807510838,0.917359688,0.86112821]                      
1DMS1etoh 1DMS1etoh-01000010_1_405 1.0 [3.39,35.02,56.38,62.82,81.42,124.69,182.88,191.61,257.66,263.68,427.83,578.84,675.46,723.0,823.4,896.56,922.84,962.59,1000.76,1044.96,1058.84,1108.69,1175.4,1292.94,1320.6,1356.1,1381.06,1401.47,1465.28,1471.89,1481.93,1484.49,1488.66,1492.83,1505.04,1531.52,2896.13,2930.24,3001.55,3007.6,3010.59,3073.01,3078.48,3086.54,3093.17,3110.74,3111.37,3544.14]                                                                                                                  108.19899999999998 -632.3626695625577  [4.443277379,0.964232397,0.889748378]                     
1DMS1etoh 1DMS1etoh-01000010_1_732 1.0 [10.01,30.7,53.21,62.38,79.31,122.06,175.27,188.15,257.13,263.86,427.23,581.46,674.93,722.58,820.95,895.53,922.75,961.54,999.96,1044.84,1058.84,1108.62,1175.6,1293.52,1320.59,1356.13,1381.2,1400.89,1466.38,1471.72,1482.1,1483.32,1488.37,1492.45,1504.57,1530.79,2897.04,2931.08,3001.72,3007.76,3010.46,3073.95,3078.45,3086.05,3092.81,3110.15,3111.87,3543.7]                                                                                                                 108.19899999999998 -632.362767547734   [4.40564331,0.970106851,0.898484409]                      
1DMS1etoh 1DMS1etoh-01000010_1_895 1.0 [15.97,29.55,56.47,61.38,81.38,122.98,177.91,186.69,256.02,263.4,427.44,580.86,675.19,723.0,821.2,895.79,922.0,962.0,1000.17,1044.88,1058.25,1108.7,1176.07,1292.41,1319.76,1356.04,1381.13,1400.85,1466.04,1471.6,1481.98,1484.51,1488.08,1493.63,1504.96,1531.45,2896.53,2926.96,3001.61,3007.42,3010.06,3073.65,3078.32,3085.98,3092.53,3109.63,3111.6,3545.05]                                                                                                                   108.19899999999998 -632.3627199916322  [4.385121083,0.968127267,0.9007187400000001]              
1DMS1etoh 1DMS1etoh-01000010_1_900 1.0 [-15.39,23.25,49.42,60.45,76.56,125.69,183.38,190.99,258.44,264.38,426.7,576.93,674.9,722.09,822.36,895.47,922.27,960.43,999.28,1044.78,1058.51,1108.35,1174.83,1294.12,1322.57,1356.0,1380.61,1400.97,1465.28,1470.91,1481.67,1485.35,1488.46,1494.06,1504.85,1530.63,2903.53,2934.08,3001.28,3006.94,3009.96,3073.33,3078.54,3085.18,3092.04,3110.32,3111.24,3543.32]                                                                                                              108.19899999999998 -632.3625542836215  [4.721532382,0.934308147,0.854410492]                     
1DMS1etoh 1DMS1etoh-01000010_1_414 1.0 [-24.27,28.66,56.08,62.8,81.04,123.11,178.43,188.32,256.4,263.57,427.27,580.47,675.07,722.66,822.0,896.41,922.09,961.97,1000.27,1044.71,1058.46,1108.68,1175.01,1292.91,1320.07,1355.97,1380.87,1401.33,1465.22,1471.48,1481.94,1484.19,1488.5,1492.97,1504.96,1531.17,2896.18,2930.51,3001.56,3007.34,3010.33,3073.66,3078.0,3085.97,3092.75,3109.98,3110.78,3546.3]                                                                                                                108.19899999999998 -632.362673531958   [4.451251066,0.9638608900000001,0.887756668]              
1DMS1meoh 1DMS1meoh-10000010_1_497 1.0 [1.29,50.49,69.2,98.07,120.64,164.32,190.85,202.38,266.9,600.69,674.33,720.4,925.13,967.75,1006.12,1048.62,1061.27,1113.59,1166.13,1353.52,1379.88,1433.35,1472.63,1476.92,1484.36,1489.43,1496.72,1498.15,1518.39,2934.34,2976.15,3007.36,3011.02,3064.42,3089.94,3096.45,3108.16,3111.6,3527.72]                                                                                                                                                                                            94.17199999999997  -593.1004485796763  [5.094370395,1.578415221,1.399222581]                     
1DMS1meoh 1DMS1meoh-10000010_1_171 1.0 [1.77,47.66,64.81,98.86,121.41,161.81,184.2,197.6,266.25,600.44,673.13,720.51,925.87,969.98,1006.38,1049.59,1061.37,1115.21,1165.3,1355.99,1380.5,1432.4,1473.81,1476.92,1485.05,1487.18,1496.54,1497.17,1518.02,2936.55,2978.51,3008.88,3011.77,3063.68,3091.8,3097.97,3109.86,3110.62,3525.71]                                                                                                                                                                                              94.17199999999997  -593.1004107646202  [5.157869376,1.5076753619999999,1.36629617]               
1DMS1meoh 1DMS1meoh-10000010_1_75  1.0 [4.82,20.66,37.25,81.74,105.33,155.89,177.79,191.56,263.78,601.04,673.42,721.61,923.43,964.48,1002.1,1048.75,1058.77,1108.51,1165.22,1356.79,1380.53,1439.95,1471.59,1476.25,1482.65,1485.31,1494.91,1495.23,1518.18,2932.04,2971.81,3007.76,3010.67,3060.56,3087.29,3094.05,3110.13,3111.27,3525.31]                                                                                                                                                                                         94.17199999999997  -593.0995700645154  [5.098147462,1.4825471,1.3505946739999999]                
1DMS1meoh 1DMS1meoh-10000010_1_137 1.0 [6.21,11.64,39.96,82.88,109.98,154.47,177.23,191.56,263.74,601.6,674.26,722.03,923.55,963.88,1002.01,1048.6,1059.0,1107.8,1166.29,1356.18,1380.75,1440.23,1471.42,1476.22,1482.5,1485.83,1494.92,1495.4,1518.71,2930.7,2972.14,3007.19,3010.09,3060.8,3086.18,3093.04,3109.36,3111.24,3525.13]                                                                                                                                                                                                94.17199999999997  -593.0994863021936  [5.060916225,1.515436784,1.356523475]                     
1DMS1meoh 1DMS1meoh-10000010_1_16  1.0 [5.31,21.79,39.43,82.58,105.58,155.13,176.51,190.9,264.12,601.51,674.11,722.02,923.37,964.63,1002.32,1048.32,1058.92,1108.23,1165.69,1356.96,1380.85,1440.66,1471.84,1475.91,1482.95,1485.2,1495.01,1495.15,1518.38,2932.47,2972.94,3007.77,3010.73,3061.45,3087.3,3094.22,3110.03,3110.81,3526.04]                                                                                                                                                                                           94.17199999999997  -593.0996144186064  [5.102359644,1.486948645,1.35308381]                      
1DMS1meoh 1DMS1meoh-10000010_1_437 1.0 [16.6,44.18,70.01,92.33,118.67,165.11,187.41,203.62,267.8,606.54,674.49,720.19,925.91,966.22,1004.68,1048.58,1061.41,1112.57,1166.05,1353.57,1379.88,1435.51,1472.04,1476.46,1484.45,1488.46,1496.29,1497.7,1518.08,2932.59,2974.83,3007.36,3010.39,3063.91,3088.9,3095.15,3110.17,3111.42,3523.29]                                                                                                                                                                                           94.17199999999997  -593.1003885840094  [5.1419563440000005,1.58902471,1.411219709]               
1DMS1meoh 1DMS1meoh-10000010_1_957 1.0 [30.25,44.04,63.07,99.11,113.43,159.78,191.02,199.36,266.43,607.63,674.84,720.87,924.87,965.37,1004.32,1048.54,1060.9,1111.54,1166.69,1353.14,1380.06,1432.81,1471.95,1476.53,1483.91,1488.63,1494.99,1499.02,1517.85,2930.96,2973.81,3006.89,3011.44,3063.05,3087.18,3096.79,3107.53,3113.8,3525.32]                                                                                                                                                                                         94.17199999999997  -593.1002749096714  [4.97901529,1.618131059,1.4083301879999999]               
1DMS1meoh 1DMS1meoh-10000010_1_886 1.0 [40.81,49.21,70.38,94.54,118.85,162.76,194.75,205.71,265.68,599.09,675.03,721.01,925.13,966.8,1005.55,1048.7,1061.12,1112.37,1166.86,1352.96,1379.65,1436.12,1471.98,1476.81,1484.69,1489.46,1496.17,1498.58,1519.04,2933.6,2974.58,3007.49,3010.9,3064.06,3089.81,3096.34,3108.85,3110.92,3530.44]                                                                                                                                                                                           94.17199999999997  -593.100445054418   [5.065164162,1.6296631769999999,1.429707574]              
1DMS1meoh 1DMS1meoh-10000010_1_737 1.0 [-29.61,49.47,69.47,92.43,131.15,141.23,182.08,190.18,263.19,598.33,675.55,722.91,922.81,962.46,1001.02,1051.02,1059.06,1106.26,1165.43,1355.49,1381.22,1433.07,1471.77,1475.51,1482.19,1485.18,1492.05,1499.1,1516.32,2920.47,2966.92,3008.01,3010.78,3061.28,3086.99,3094.24,3109.55,3111.59,3541.63]                                                                                                                                                                                       94.17199999999997  -593.099404380592   [4.712394514,1.672600399,1.446027919]                     
1TFE      1TFE                     1.0 [111.67,222.6,315.01,379.8,408.01,519.67,529.72,647.52,803.98,927.54,1080.18,1123.93,1134.94,1246.3,1274.07,1397.26,1429.01,1487.19,2986.29,3084.36,3743.56]                                                                                                                                                                                                                                                                                                                                                    100.04020948899999 -452.4517514460737  [5.23275655,2.7848036780000003,2.754444861]               
1TFE1TMP  1TFE1TMP-00100001_1_12   1.0 [1.82,26.95,37.89,51.44,64.72,92.15,175.04,182.57,205.58,209.51,226.45,245.14,246.86,297.04,345.68,407.41,516.94,528.2,644.7,647.37,674.19,706.1,707.57,801.65,807.98,855.29,857.67,931.85,973.0,974.14,983.3,1106.14,1110.62,1134.96,1244.7,1299.84,1325.73,1326.36,1350.43,1414.27,1463.43,1471.5,1472.19,1475.67,1478.79,1479.93,1481.07,1492.98,2973.07,2995.39,2996.44,2997.13,3050.87,3078.47,3079.46,3080.78,3094.25,3096.54,3100.08,3351.97]                     176.11897148700007 -912.9771636035048  [1.838586779,0.445353429,0.430413096]                     
1TFE1TMP  1TFE1TMP-00100001_1_246  1.0 [3.54,17.76,36.25,52.08,62.2,89.72,172.86,182.18,205.95,209.25,226.66,244.83,246.68,297.3,344.58,407.28,515.55,527.92,644.61,646.96,675.98,705.83,707.31,801.27,807.65,855.14,858.51,931.35,972.64,973.91,983.59,1105.79,1109.96,1134.33,1244.5,1299.26,1325.92,1326.29,1350.56,1413.59,1463.13,1471.52,1472.5,1475.49,1478.57,1479.62,1480.76,1493.29,2973.37,2994.65,2996.41,2997.16,3050.68,3077.87,3079.57,3080.8,3093.52,3097.61,3100.96,3347.57]                   176.11897148700007 -912.9772871205445  [1.8435261989999998,0.446486062,0.431413787]              
1TFE1TMP  1TFE1TMP-00100001_1_945  1.0 [1.78,27.54,37.33,48.6,60.69,91.38,173.95,179.1,204.26,207.02,228.57,245.08,245.74,297.27,345.89,407.55,517.7,528.64,644.69,648.21,676.52,705.62,708.04,802.67,806.94,855.42,858.08,932.5,972.35,973.1,983.43,1106.69,1111.73,1135.44,1246.61,1298.54,1325.73,1326.88,1350.8,1413.72,1462.72,1470.22,1472.07,1475.29,1478.83,1478.92,1480.07,1492.48,2971.63,2995.02,2995.9,2997.79,3052.02,3078.48,3078.8,3082.48,3093.86,3096.01,3100.18,3349.21]                      176.11897148700007 -912.9769004492223  [1.83249999,0.432085532,0.41772031099999996]              
1TFE1TMP  1TFE1TMP-00100001_1_578  1.0 [9.44,19.43,25.61,47.93,62.83,91.16,177.81,180.94,204.58,210.38,228.16,244.07,246.19,296.99,346.29,407.11,516.73,527.54,644.85,647.4,688.03,705.48,708.43,800.9,807.25,854.6,858.43,932.56,972.75,973.76,983.6,1105.6,1111.72,1135.38,1243.69,1297.7,1325.21,1325.47,1349.71,1413.19,1462.86,1471.75,1472.54,1477.59,1478.51,1479.71,1480.74,1493.35,2966.07,2995.14,2996.02,2996.76,3053.97,3078.74,3079.4,3081.09,3095.11,3096.19,3098.17,3333.83]                     176.11897148700007 -912.9771572957214  [1.842902223,0.44737885299999997,0.432728759]             
1TFE1TMP  1TFE1TMP-00100001_1_673  1.0 [-15.57,18.88,39.73,50.41,62.65,92.62,173.09,182.42,204.98,208.62,228.27,244.2,246.34,296.71,345.95,407.26,516.58,528.18,644.59,648.1,684.24,705.72,708.34,801.71,807.29,854.1,859.49,932.23,972.54,973.53,983.55,1106.68,1110.41,1134.49,1247.13,1298.46,1324.76,1326.58,1350.18,1414.08,1463.09,1469.99,1472.33,1474.25,1478.51,1479.03,1480.28,1492.6,2970.96,2994.56,2995.41,2997.08,3052.24,3078.04,3078.42,3082.26,3094.6,3095.15,3100.33,3341.04]                 176.11897148700007 -912.9768957315105  [1.828139103,0.442006946,0.42669044]                      
1TFE1TMP  1TFE1TMP-00100001_1_967  1.0 [-13.06,20.79,38.87,47.67,61.4,91.48,171.87,179.34,203.24,206.77,227.61,244.69,245.46,296.66,345.57,407.42,516.21,528.15,644.77,648.18,675.01,705.76,708.28,802.09,806.6,855.57,857.67,932.06,972.11,973.27,983.32,1106.41,1110.74,1135.0,1246.97,1298.99,1325.55,1326.43,1350.47,1414.12,1462.77,1470.33,1471.78,1475.24,1478.68,1479.15,1479.99,1492.4,2973.21,2995.14,2995.99,2998.34,3051.48,3078.77,3078.99,3082.62,3094.4,3095.13,3100.59,3346.32]                 176.11897148700007 -912.9769188824303  [1.835524303,0.43398303800000004,0.419183205]             
1TFE1TMP  1TFE1TMP-00100001_1_753  1.0 [-6.87,22.26,41.24,50.63,63.63,91.41,173.26,179.01,203.84,206.85,228.78,244.63,245.82,296.92,345.78,407.57,517.09,528.35,644.86,647.97,683.54,705.53,709.01,802.18,807.26,854.27,859.2,932.35,972.71,973.15,983.24,1107.16,1110.57,1135.21,1246.7,1298.48,1325.29,1327.0,1350.61,1414.02,1462.48,1470.48,1471.54,1475.37,1478.34,1478.96,1479.85,1492.33,2970.73,2994.64,2995.46,2997.99,3052.83,3077.54,3078.59,3083.38,3093.96,3094.5,3100.19,3344.96]                 176.11897148700007 -912.9770739269861  [1.829786877,0.43512291399999997,0.420457603]             
1TFE1TMP  1TFE1TMP-00100001_1_833  1.0 [-9.1,25.8,39.12,49.89,61.63,91.18,172.85,181.04,205.58,208.99,226.42,244.88,245.55,297.76,345.66,407.46,517.81,528.28,644.78,648.24,676.62,705.79,707.95,802.25,806.74,855.54,859.38,932.59,972.04,973.28,984.01,1107.26,1111.68,1135.58,1246.58,1299.16,1325.61,1327.01,1350.87,1414.17,1462.47,1470.23,1471.82,1475.29,1478.62,1478.87,1479.89,1492.43,2971.23,2994.68,2995.82,2998.08,3049.73,3078.17,3079.34,3083.26,3094.23,3095.71,3099.71,3345.47]               176.11897148700007 -912.9770104538836  [1.83653187,0.430944161,0.41669139]                       
1TFE1TMP  1TFE1TMP-00100001_1_694  1.0 [-9.18,25.35,29.42,49.92,64.89,94.78,161.85,180.4,204.9,208.44,228.12,245.27,248.05,296.44,347.04,407.37,515.57,528.53,622.53,645.69,648.04,703.77,705.78,802.3,806.82,854.01,856.91,929.59,972.0,972.33,982.98,1105.79,1110.81,1133.81,1246.53,1295.12,1325.97,1326.27,1350.7,1413.37,1462.25,1463.05,1471.53,1472.14,1477.04,1479.15,1480.78,1492.93,2972.06,2994.21,2995.11,2995.46,3058.94,3077.15,3078.28,3078.69,3093.86,3095.28,3097.14,3428.11]                  176.11897148700007 -912.976355553692   [1.831524416,0.448448284,0.430861986]                     
1TFE1TMP  1TFE1TMP-00100001_1_579  1.0 [-17.56,20.83,36.87,49.19,61.63,95.01,160.15,182.51,207.34,208.8,226.2,245.58,248.37,296.87,346.41,407.28,516.9,528.02,622.11,645.6,647.75,703.22,706.01,802.22,806.34,855.12,856.8,929.87,971.99,972.54,983.46,1106.81,1110.74,1135.23,1245.24,1296.13,1325.72,1326.3,1350.71,1413.49,1462.45,1463.38,1471.06,1472.12,1476.73,1479.42,1481.03,1492.78,2973.77,2994.41,2995.14,2996.3,3059.31,3077.37,3078.22,3079.77,3093.79,3095.49,3096.52,3428.51]                   176.11897148700007 -912.9763527287795  [1.829823725,0.449951689,0.432074142]                     
1TFE1tma  1TFE1tma-00101000_1_660  1.0 [3.93,30.93,56.31,80.57,89.68,123.68,211.76,230.86,247.71,275.48,281.21,348.24,406.09,415.64,423.25,425.01,516.41,528.29,648.39,800.44,818.28,906.49,938.43,1038.58,1039.6,1062.4,1109.21,1112.35,1117.34,1122.28,1144.1,1218.93,1245.02,1283.63,1285.59,1307.57,1413.43,1439.92,1440.48,1478.34,1481.1,1490.11,1491.09,1491.47,1513.77,1514.52,1516.38,1553.09,2914.82,2917.33,2920.65,2956.63,3033.11,3045.8,3047.06,3050.17,3083.6,3088.97,3094.53,3099.61]           159.15220948900006 -626.7186512719259  [2.200913388,0.5840095240000001,0.5648125740000001]       
1TFE1tma  1TFE1tma-00101000_1_568  1.0 [1.62,39.42,53.59,74.22,90.88,122.67,204.67,227.47,246.66,275.84,283.42,346.6,405.97,416.29,422.27,425.89,517.61,528.74,647.8,802.21,818.4,881.28,939.13,1036.84,1039.58,1061.23,1107.46,1111.4,1116.2,1122.19,1146.2,1218.47,1247.35,1280.81,1286.42,1309.81,1414.23,1439.42,1441.09,1477.29,1481.39,1489.45,1489.84,1491.2,1513.24,1515.2,1515.84,1548.75,2915.03,2917.0,2921.99,2963.33,3029.06,3042.08,3047.47,3055.61,3086.11,3091.57,3100.33,3109.62]              159.15220948900006 -626.7180762841496  [2.2137623979999996,0.5713126949999999,0.5540073959999999]
1TFE1tma  1TFE1tma-00101000_1_457  1.0 [6.27,38.32,55.99,80.15,89.06,124.57,214.99,231.21,245.95,274.21,279.95,348.17,406.06,416.55,424.25,425.6,517.55,528.2,648.26,800.61,818.25,908.65,939.63,1038.4,1039.96,1062.62,1109.52,1112.33,1116.97,1121.93,1145.68,1218.91,1244.6,1283.18,1285.96,1308.19,1412.78,1440.57,1440.68,1478.36,1481.03,1490.21,1491.05,1491.34,1513.92,1514.49,1516.43,1553.31,2915.91,2917.67,2920.56,2957.58,3033.13,3046.29,3047.33,3050.56,3076.3,3090.08,3095.23,3099.55]          159.15220948900006 -626.7185472963314  [2.207792418,0.5790623060000001,0.5604821369999999]       
1TFE1tma  1TFE1tma-00101000_1_844  1.0 [4.14,35.57,54.44,79.23,89.05,123.66,216.98,228.89,247.73,275.83,279.16,347.52,405.75,416.99,423.29,425.61,518.06,528.29,648.41,801.41,817.84,905.01,940.08,1037.39,1040.65,1062.33,1109.06,1111.56,1117.17,1122.64,1146.67,1218.81,1246.04,1282.25,1286.82,1309.11,1413.47,1439.68,1441.26,1478.11,1481.53,1489.23,1490.1,1490.9,1513.04,1514.77,1515.74,1551.47,2914.65,2916.31,2919.69,2955.92,3032.25,3041.55,3047.69,3051.99,3076.75,3085.61,3091.9,3097.45]        159.15220948900006 -626.7182871927323  [2.208864168,0.568291018,0.5507019360000001]              
1TFE1tma  1TFE1tma-00101000_1_556  1.0 [15.03,29.74,57.32,82.37,87.05,125.44,212.87,231.31,245.94,274.45,282.02,347.39,406.58,416.55,425.3,427.22,516.24,526.92,648.63,799.71,818.83,915.9,938.1,1038.95,1039.84,1063.25,1108.63,1111.58,1118.05,1122.88,1142.9,1219.33,1244.63,1284.25,1285.66,1307.92,1413.46,1439.56,1441.2,1478.35,1481.06,1490.44,1491.32,1492.85,1514.45,1514.97,1516.82,1552.27,2914.44,2917.09,2919.44,2955.59,3031.67,3043.54,3046.22,3053.71,3070.22,3089.31,3094.4,3101.66]          159.15220948900006 -626.7189220395766  [2.202701291,0.594467808,0.574518683]                     
1TFE1tma  1TFE1tma-00101000_1_768  1.0 [4.23,35.59,55.64,78.87,87.54,123.19,215.64,230.09,248.34,276.87,282.38,347.8,406.28,417.21,423.68,425.89,517.59,528.24,648.53,801.68,818.26,899.57,940.27,1037.66,1040.29,1062.06,1108.77,1112.07,1116.91,1122.35,1147.26,1218.97,1245.84,1282.14,1286.56,1309.12,1413.53,1440.28,1440.97,1478.26,1481.6,1489.2,1490.61,1491.23,1513.39,1515.05,1515.64,1550.38,2915.22,2917.27,2921.24,2956.29,3033.01,3043.06,3049.38,3052.21,3086.66,3088.39,3093.05,3098.69]        159.15220948900006 -626.7182945543725  [2.2099270040000003,0.567720017,0.550193044]              
1TFE1tma  1TFE1tma-00101000_1_635  1.0 [9.92,40.25,56.64,81.21,94.06,126.21,209.47,230.54,250.14,279.81,284.01,348.93,406.98,416.09,422.77,426.44,517.96,527.97,648.88,801.06,818.26,899.49,938.7,1037.9,1039.51,1062.12,1108.77,1111.85,1117.56,1122.14,1144.79,1218.88,1246.79,1282.47,1286.27,1308.26,1414.23,1439.1,1440.81,1478.27,1481.19,1490.14,1491.46,1492.18,1514.22,1514.72,1516.74,1546.64,2914.9,2916.21,2920.69,2960.1,3035.61,3040.13,3046.79,3054.52,3085.16,3090.43,3093.88,3102.93]          159.15220948900006 -626.7185913602681  [2.1961400629999996,0.585173721,0.56570799]               
1TFE1tma  1TFE1tma-00101000_1_781  1.0 [15.4,25.52,41.61,84.35,93.54,129.08,204.88,241.13,249.77,279.17,282.08,349.36,404.4,412.85,425.76,428.51,516.53,528.28,649.14,800.54,819.04,877.49,940.01,1036.83,1043.33,1062.89,1109.73,1114.58,1118.01,1118.9,1141.6,1217.37,1244.81,1283.02,1286.28,1301.33,1412.51,1440.05,1440.56,1473.17,1483.83,1489.8,1490.57,1491.83,1499.46,1514.07,1515.35,1516.62,2908.69,2911.96,2919.87,2955.4,3040.54,3045.36,3049.74,3055.49,3085.64,3091.02,3100.31,3160.91]          159.15220948900006 -626.7177450474527  [2.209549615,0.583523782,0.559565021]                     
1TFE1tma  1TFE1tma-00101000_1_476  1.0 [-14.61,40.34,56.08,77.24,94.22,124.8,205.92,229.07,248.03,275.95,282.58,348.9,406.24,415.96,423.31,425.39,517.63,528.81,648.22,801.1,817.63,883.91,938.55,1037.29,1039.29,1062.14,1108.3,1112.2,1116.35,1122.42,1145.58,1218.11,1246.32,1282.17,1285.3,1308.68,1413.99,1440.13,1440.9,1478.08,1481.15,1489.95,1490.23,1491.51,1513.37,1515.03,1516.05,1549.72,2914.3,2915.83,2921.02,2961.51,3032.96,3044.99,3047.21,3049.17,3088.09,3092.65,3100.21,3110.74]           159.15220948900006 -626.7181518205442  [2.202613189,0.5773028490000001,0.55892511]               
1TMP      1TMP                     3.0 [183.38,208.86,210.86,250.01,250.76,292.73,635.87,691.35,691.48,802.46,850.81,850.92,967.75,968.1,983.86,1323.44,1323.56,1350.64,1465.15,1471.7,1471.8,1481.24,1481.34,1492.29,2985.64,2986.4,2986.53,3068.75,3068.88,3069.47,3086.45,3087.19,3087.36]                                                                                                                                                                                                                                              76.07876199799998  -460.51359240675384 [5.749544818,5.748070802999999,3.6949696260000002]        
1TMP1etoh 1etoh1TMP-01000001_1_219 1.0 [1.55,6.21,16.88,40.05,68.45,109.86,182.75,207.5,209.32,245.86,246.75,258.2,293.75,428.7,604.96,642.31,701.4,702.87,805.62,818.62,853.41,855.78,895.26,971.33,971.82,982.52,1046.27,1110.61,1176.42,1291.27,1322.78,1325.13,1329.28,1349.81,1400.35,1463.62,1471.3,1472.05,1472.89,1479.55,1480.1,1488.11,1492.69,1505.02,1531.79,2902.65,2920.54,2992.21,2993.17,2993.98,2999.85,3071.3,3075.66,3075.86,3076.59,3078.16,3092.87,3093.46,3094.76,3501.45]                122.14776199799996 -615.3977400361077  [3.280852576,0.669745048,0.657936208]                     
1TMP1etoh 1etoh1TMP-01000001_1_384 1.0 [3.75,6.76,29.84,42.05,67.66,109.54,178.4,204.92,205.0,245.29,245.73,259.43,292.8,429.16,606.33,642.27,702.09,702.47,805.49,819.1,853.26,854.44,895.53,971.04,971.43,981.82,1046.44,1110.95,1176.85,1291.57,1322.63,1324.87,1329.07,1349.38,1400.53,1463.37,1471.12,1471.91,1473.26,1479.47,1479.82,1488.17,1492.69,1505.37,1532.38,2904.03,2922.59,2992.6,2993.49,2993.88,2999.59,3070.86,3075.61,3076.15,3076.42,3077.41,3093.2,3093.74,3094.74,3500.01]               122.14776199799996 -615.3977529637735  [3.251696077,0.657694211,0.645691304]                     
1TMP1etoh 1etoh1TMP-01000001_1_46  1.0 [2.41,14.48,22.61,42.66,68.09,110.35,179.2,204.46,206.26,244.28,246.97,258.16,292.63,428.74,600.37,642.07,701.13,702.32,804.81,818.86,853.65,853.82,895.46,970.65,971.18,981.86,1045.83,1110.3,1176.43,1291.71,1321.11,1324.46,1327.53,1349.2,1400.57,1463.11,1469.49,1472.0,1472.35,1479.29,1479.59,1488.33,1492.54,1505.2,1532.11,2905.43,2923.96,2992.55,2993.49,2993.97,2999.89,3071.61,3075.61,3076.32,3076.71,3077.41,3092.31,3092.83,3094.1,3503.81]              122.14776199799996 -615.3976730754817  [3.324498104,0.67111137,0.655857329]                      
1TMP1etoh 1etoh1TMP-01000001_1_668 1.0 [4.39,7.76,23.09,42.52,68.26,110.4,180.3,205.79,207.72,245.2,245.57,258.35,292.71,428.14,603.83,642.38,702.15,702.76,805.65,819.04,852.62,855.09,895.43,971.13,971.67,981.83,1046.17,1110.3,1176.56,1291.11,1322.56,1325.18,1329.12,1349.52,1400.71,1462.9,1471.17,1472.01,1472.69,1479.02,1479.25,1488.06,1492.55,1505.25,1531.98,2900.41,2919.93,2991.94,2992.89,2993.23,2999.57,3071.22,3075.55,3075.61,3075.93,3077.08,3092.28,3093.15,3093.76,3506.87]              122.14776199799996 -615.3977529471155  [3.271683884,0.676152313,0.664789957]                     
1TMP1etoh 1etoh1TMP-01000001_1_332 1.0 [4.96,10.46,15.93,43.33,68.59,111.75,178.17,203.1,205.99,244.66,246.15,257.26,292.71,429.02,599.83,642.42,701.77,703.11,804.73,819.29,852.67,855.23,895.21,971.04,971.16,982.19,1046.4,1110.22,1176.74,1291.5,1322.3,1325.14,1328.88,1349.55,1400.86,1463.01,1470.94,1471.96,1472.41,1479.11,1479.43,1488.15,1492.4,1505.08,1531.57,2900.5,2921.67,2992.17,2993.16,2993.59,3000.09,3071.49,3075.78,3076.2,3076.59,3077.41,3092.37,3093.41,3093.83,3506.16]               122.14776199799996 -615.3977109595804  [3.305163704,0.68141102,0.669355771]                      
1TMP1etoh 1etoh1TMP-01000001_1_193 1.0 [2.68,13.25,22.98,43.61,69.69,111.32,181.42,207.13,207.82,245.98,246.36,258.94,293.13,429.05,603.21,642.79,701.89,703.05,804.76,819.47,853.7,855.09,895.28,970.94,971.14,982.19,1046.18,1110.6,1176.7,1292.07,1322.12,1325.39,1328.67,1349.6,1400.74,1463.21,1470.75,1471.96,1472.92,1479.36,1479.68,1488.26,1492.74,1505.16,1532.21,2904.97,2923.06,2992.02,2992.99,2993.17,2999.76,3071.23,3075.74,3076.05,3076.23,3076.67,3091.96,3092.67,3093.87,3500.85]            122.14776199799996 -615.3977564493524  [3.2872558020000002,0.667696031,0.654488126]              
1TMP1etoh 1etoh1TMP-01000001_1_345 1.0 [3.25,16.79,22.51,41.73,68.32,110.3,180.74,205.54,207.44,245.42,245.87,259.12,292.74,428.54,603.92,642.12,701.73,702.53,805.46,818.51,852.82,854.4,895.37,971.15,971.36,981.77,1046.22,1110.5,1176.56,1291.69,1322.15,1325.16,1328.8,1349.46,1400.22,1463.41,1470.6,1471.93,1472.48,1479.54,1479.67,1488.11,1492.53,1505.08,1531.83,2903.46,2921.29,2992.57,2993.49,2993.81,2999.81,3071.31,3075.98,3076.3,3076.49,3077.32,3092.73,3093.44,3094.44,3505.78]              122.14776199799996 -615.3977662145701  [3.2788802099999996,0.6734631409999999,0.661398386]       
1TMP1etoh 1etoh1TMP-01000001_1_685 1.0 [10.77,12.63,20.4,40.98,69.74,111.22,179.57,203.66,207.76,245.78,246.02,257.19,293.32,428.24,601.67,642.43,701.97,702.58,804.82,819.2,852.96,854.87,895.77,970.81,971.03,981.91,1046.0,1110.65,1176.85,1290.82,1322.54,1324.96,1328.95,1349.41,1400.38,1463.33,1470.57,1472.23,1472.47,1479.38,1479.79,1488.03,1492.63,1505.08,1532.24,2901.76,2917.36,2992.21,2993.15,2993.39,2999.67,3071.01,3075.69,3076.02,3076.47,3076.76,3092.5,3093.07,3093.5,3510.03]            122.14776199799996 -615.3978347674097  [3.245800241,0.679627747,0.668962276]                     
1TMP1etoh 1etoh1TMP-01000001_1_318 1.0 [2.73,19.95,32.78,44.43,69.28,111.26,180.07,204.99,208.61,244.59,247.27,258.44,292.29,426.28,585.81,642.4,701.84,702.44,806.11,817.98,853.61,855.01,894.27,971.21,972.19,982.63,1045.04,1108.96,1175.14,1291.71,1321.66,1325.24,1328.11,1349.77,1400.44,1463.15,1467.66,1472.11,1472.67,1479.25,1479.86,1488.56,1492.71,1505.11,1531.59,2911.52,2929.12,2992.24,2993.04,2993.4,2999.65,3071.22,3075.71,3075.93,3076.67,3076.97,3092.54,3093.18,3094.28,3508.16]          122.14776199799996 -615.3976057170665  [3.3570629399999996,0.688423495,0.6694298049999999]       
1TMP1etoh 1etoh1TMP-01000001_1_640 1.0 [6.19,17.2,22.47,42.86,69.51,111.5,181.24,205.77,208.74,245.72,246.16,258.15,293.6,429.07,600.05,642.49,701.61,702.92,805.21,819.34,853.67,855.15,895.74,971.24,971.39,982.36,1046.16,1110.36,1176.44,1291.16,1322.77,1324.67,1329.25,1349.51,1400.69,1463.25,1471.01,1471.99,1472.52,1479.25,1479.73,1488.03,1492.63,1505.17,1532.25,2900.81,2920.11,2992.04,2992.99,2993.44,2999.85,3071.21,3075.76,3075.97,3076.66,3076.96,3092.53,3093.38,3093.7,3506.12]            122.14776199799996 -615.3977892899132  [3.2750490020000003,0.675279077,0.665527096]              
1TMP1etoh 1etoh1TMP-01000001_1_172 1.0 [3.47,23.83,27.05,47.26,69.78,111.78,182.84,207.02,210.17,245.48,247.0,258.0,292.78,428.47,597.09,642.8,702.44,702.76,806.13,819.73,853.97,854.97,894.99,971.64,971.74,982.48,1045.61,1109.66,1175.82,1291.66,1322.02,1325.3,1328.46,1350.02,1400.99,1463.51,1469.78,1472.01,1473.12,1479.69,1479.93,1488.28,1492.85,1505.08,1532.09,2907.91,2925.34,2991.96,2992.79,2993.19,2999.56,3070.79,3075.39,3075.53,3076.19,3076.54,3092.36,3093.13,3093.78,3500.71]            122.14776199799996 -615.3975764021667  [3.319497759,0.6736857780000001,0.657672802]              
1TMP1etoh 1etoh1TMP-01000001_1_76  1.0 [6.66,17.6,22.6,47.51,69.41,110.71,183.02,207.47,209.25,244.66,246.63,257.37,291.97,428.15,596.08,642.34,702.04,702.69,805.98,818.4,853.5,854.45,895.06,971.28,972.12,982.24,1045.65,1109.78,1175.71,1291.05,1321.51,1324.78,1327.98,1349.39,1400.75,1463.46,1469.43,1472.17,1472.72,1479.71,1479.76,1488.31,1492.67,1505.1,1531.99,2907.77,2925.32,2991.98,2992.96,2993.08,2999.56,3071.38,3075.23,3075.69,3076.24,3076.58,3092.6,3093.42,3093.88,3503.08]              122.14776199799996 -615.3976587940895  [3.322643426,0.674666278,0.658536225]                     
1TMP1etoh 1etoh1TMP-01000001_1_279 1.0 [8.14,13.85,24.64,46.16,70.29,111.06,180.24,204.81,208.19,246.05,246.14,258.89,293.3,427.08,594.61,642.12,701.39,702.49,805.81,819.38,852.67,855.42,895.92,971.24,971.49,982.0,1045.84,1110.43,1176.43,1291.32,1322.5,1325.36,1328.91,1349.81,1400.47,1463.3,1469.67,1472.06,1472.33,1479.4,1479.63,1487.9,1492.74,1505.12,1532.02,2900.8,2916.46,2991.86,2992.79,2993.07,2999.66,3071.79,3075.25,3075.63,3076.42,3076.85,3092.44,3093.1,3093.5,3515.01]                 122.14776199799996 -615.3977681987534  [3.270719894,0.694176607,0.682643025]                     
1TMP1etoh 1etoh1TMP-01000001_1_358 1.0 [8.8,17.07,22.16,43.67,69.49,111.11,180.64,205.6,207.32,245.25,246.18,258.19,292.91,429.41,603.33,642.33,701.5,703.17,805.28,819.86,853.31,855.1,895.87,971.17,971.44,982.28,1046.63,1110.74,1176.66,1292.03,1322.42,1325.32,1328.98,1349.66,1400.87,1463.06,1471.1,1472.18,1472.7,1479.15,1479.46,1488.16,1492.67,1505.25,1531.99,2901.54,2920.77,2992.55,2993.5,2993.75,2999.9,3071.13,3076.06,3076.2,3077.14,3077.86,3092.56,3093.55,3094.14,3502.83]                 122.14776199799996 -615.3976628874321  [3.29824329,0.671447328,0.659536691]                      
1TMP1etoh 1etoh1TMP-01000001_1_489 1.0 [7.91,17.5,25.2,43.0,69.22,107.91,181.33,206.38,207.69,245.68,246.54,259.59,293.39,429.96,606.12,642.42,702.18,702.65,805.26,818.94,853.5,854.98,895.54,970.96,971.36,982.12,1046.53,1111.21,1176.49,1291.88,1322.53,1324.84,1329.0,1349.35,1400.58,1463.24,1471.35,1471.97,1473.73,1479.31,1479.93,1488.16,1492.8,1505.33,1532.28,2907.63,2924.63,2992.62,2993.5,2994.02,2999.15,3070.65,3075.04,3076.18,3076.47,3078.0,3093.01,3093.62,3094.49,3497.87]                122.14776199799996 -615.3977281768804  [3.224482221,0.636973355,0.627191329]                     
1TMP1etoh 1etoh1TMP-01000001_1_612 1.0 [9.8,13.04,29.69,40.27,69.84,109.44,184.42,209.44,210.42,246.21,246.9,257.41,293.32,428.18,592.68,642.72,701.46,702.89,806.04,817.61,853.72,855.39,895.12,971.51,971.82,982.66,1045.31,1109.43,1175.93,1290.78,1320.41,1324.93,1327.46,1349.6,1400.51,1463.2,1468.67,1472.07,1472.73,1479.16,1479.92,1488.27,1492.95,1504.92,1531.69,2907.21,2925.2,2992.02,2993.0,2993.41,2999.78,3071.24,3075.51,3075.89,3076.33,3077.87,3092.66,3093.67,3094.05,3509.87]              122.14776199799996 -615.3976397761926  [3.32800471,0.678188519,0.662519965]                      
1TMP1etoh 1etoh1TMP-01000001_1_111 1.0 [11.58,15.89,24.27,45.83,69.22,112.34,181.34,206.57,208.63,245.9,246.68,259.44,293.11,429.17,597.16,642.56,701.93,702.76,805.45,819.99,852.92,855.49,895.94,971.19,971.65,982.25,1046.18,1110.48,1176.48,1291.14,1322.39,1325.0,1328.91,1349.66,1400.85,1463.31,1470.72,1471.87,1472.47,1479.4,1479.68,1488.18,1492.56,1505.2,1531.99,2899.89,2919.69,2991.97,2993.0,2993.44,2999.97,3071.69,3075.76,3076.02,3076.18,3077.21,3092.27,3093.76,3094.31,3506.2]             122.14776199799996 -615.3976882087453  [3.314291732,0.6855515249999999,0.67283724]               
1TMP1etoh 1etoh1TMP-01000001_1_447 1.0 [8.57,18.12,25.95,49.5,67.66,111.35,179.36,205.19,206.22,245.19,247.64,256.88,291.88,428.84,584.11,641.64,700.84,702.17,806.23,819.6,852.72,855.81,895.88,971.25,972.27,982.71,1045.46,1109.79,1176.51,1291.46,1319.3,1325.71,1327.26,1350.35,1400.34,1463.04,1467.66,1471.6,1472.15,1478.78,1480.07,1487.93,1492.25,1504.95,1531.47,2898.58,2924.35,2992.27,2993.33,2993.79,3000.55,3072.61,3076.06,3076.38,3076.7,3079.15,3093.42,3094.07,3094.61,3514.51]             122.14776199799996 -615.3975369903864  [3.439958753,0.7064408959999999,0.6865887860000001]       
1TMP1etoh 1etoh1TMP-01000001_1_814 1.0 [12.9,21.04,38.25,50.02,75.88,114.24,185.05,207.65,217.74,244.77,247.6,257.71,290.73,421.96,545.81,642.21,701.24,702.42,807.11,816.7,854.29,854.89,893.55,971.73,972.77,983.62,1043.56,1107.13,1172.09,1293.54,1319.93,1323.76,1328.03,1349.34,1400.37,1461.16,1463.82,1472.6,1473.59,1479.66,1480.01,1488.62,1493.55,1504.84,1531.49,2919.83,2941.79,2991.95,2992.78,2993.02,2999.61,3071.04,3075.43,3075.85,3076.63,3076.95,3092.4,3094.43,3094.94,3529.63]            122.14776199799996 -615.397555326065   [3.455334139,0.725484479,0.6997733540000001]              
1TMP1etoh 1etoh1TMP-01000001_1_29  1.0 [-14.01,9.06,16.25,42.53,67.93,107.04,183.1,207.95,208.91,245.66,246.73,258.91,293.08,428.47,599.78,642.74,702.63,702.98,806.56,818.83,853.54,855.39,895.01,971.8,971.93,982.12,1045.51,1110.57,1176.14,1291.09,1322.72,1325.49,1328.73,1349.93,1400.1,1463.65,1470.99,1472.43,1473.26,1479.8,1480.02,1487.7,1493.0,1505.13,1532.09,2905.59,2922.25,2992.04,2993.04,2993.34,2998.82,3071.07,3074.2,3075.99,3076.2,3076.57,3092.88,3093.69,3094.45,3503.35]               122.14776199799996 -615.3977528684666  [3.22215835,0.645067057,0.63419918]                       
1TMP1etoh 1etoh1TMP-01000001_1_373 1.0 [-16.72,10.91,24.35,38.83,70.64,112.06,182.44,205.26,213.79,244.49,247.12,257.88,292.28,426.15,585.98,642.33,701.43,702.57,806.13,817.19,854.11,854.51,894.28,971.39,972.17,982.75,1044.78,1108.62,1174.68,1291.22,1320.82,1324.81,1327.72,1349.4,1400.15,1463.5,1466.53,1472.14,1472.92,1479.73,1480.06,1488.51,1492.9,1504.71,1531.42,2912.35,2929.88,2992.36,2993.19,2993.88,2999.69,3071.1,3075.63,3076.16,3076.58,3077.91,3093.03,3093.91,3095.3,3506.87]           122.14776199799996 -615.3975829277589  [3.3481054749999997,0.691636742,0.6725969300000001]       
1TMP1etoh 1etoh1TMP-01000001_1_618 1.0 [-4.88,15.72,37.98,52.21,76.27,115.33,183.18,205.88,213.31,244.75,248.97,260.12,292.1,421.59,543.69,641.87,700.77,701.78,806.14,814.26,853.89,855.01,894.0,971.06,972.27,983.35,1044.51,1107.45,1170.99,1292.98,1321.84,1324.06,1328.73,1349.34,1400.61,1461.1,1463.65,1471.99,1472.89,1478.83,1480.39,1489.09,1492.77,1504.68,1530.78,2917.61,2939.22,2991.45,2992.31,2992.65,2998.87,3070.0,3074.57,3075.22,3075.68,3077.09,3092.36,3093.45,3094.37,3531.44]           122.14776199799996 -615.3975614379264  [3.3793020449999998,0.725554334,0.701255924]              
1TMP1etoh 1etoh1TMP-01000001_1_551 1.0 [-12.01,-4.03,15.71,42.48,67.92,109.87,178.87,205.45,205.63,245.2,246.17,256.87,293.17,429.03,605.28,642.44,701.7,703.12,805.6,818.3,852.97,855.27,895.69,971.28,971.61,982.05,1046.59,1110.71,1176.26,1291.36,1322.71,1325.23,1329.2,1349.76,1400.68,1463.14,1471.22,1471.93,1472.81,1479.26,1479.47,1487.95,1492.55,1505.17,1531.82,2903.45,2920.84,2992.52,2993.47,2993.71,2999.77,3071.2,3075.67,3076.37,3076.69,3077.24,3092.36,3093.43,3093.82,3504.0]             122.14776199799996 -615.3977311138601  [3.265748457,0.666584779,0.6551143819999999]              
1TMP1meoh 1meoh1TMP-10000001_1_592 1.0 [1.1,8.37,23.66,81.59,108.76,137.07,181.74,206.97,207.46,245.91,246.75,294.36,619.57,642.77,702.15,702.95,805.64,854.06,854.72,971.38,971.57,982.37,1052.8,1107.76,1165.67,1325.05,1325.43,1349.92,1442.09,1463.43,1471.34,1472.17,1475.85,1479.49,1479.9,1492.42,1495.11,1518.15,2919.61,2956.28,2992.03,2993.02,2993.51,3055.85,3075.73,3076.36,3076.94,3092.33,3093.3,3093.65,3504.01]                                                                                         108.12076199799998 -576.1344277583495  [3.377704046,1.087641278,1.053392954]                     
1TMP1meoh 1meoh1TMP-10000001_1_467 1.0 [2.07,13.19,16.31,80.03,102.79,136.62,181.17,206.54,207.58,245.67,245.97,294.12,621.81,642.18,702.17,702.4,805.64,852.92,855.37,971.35,971.61,982.24,1052.92,1110.51,1165.32,1324.43,1324.72,1349.17,1444.7,1463.34,1471.82,1472.09,1475.83,1479.4,1479.78,1492.6,1494.21,1518.59,2920.27,2956.15,2992.67,2993.6,2993.85,3055.08,3075.76,3077.14,3077.44,3093.0,3093.9,3094.36,3499.31]                                                                                           108.12076199799998 -576.134422817892   [3.289495275,1.0452406109999999,1.019213062]              
1TMP1meoh 1meoh1TMP-10000001_1_754 1.0 [2.41,11.7,23.34,80.79,102.62,135.11,180.56,206.3,207.45,245.47,246.48,294.13,618.07,642.47,701.55,702.8,805.51,852.96,855.41,971.24,971.47,982.24,1052.95,1108.4,1165.54,1324.67,1325.31,1349.65,1442.83,1463.28,1471.38,1472.13,1475.94,1479.38,1479.67,1492.62,1494.58,1517.7,2919.61,2955.89,2992.57,2993.47,2993.73,3056.03,3076.22,3076.62,3077.53,3092.85,3093.75,3094.39,3504.97]                                                                                         108.12076199799998 -576.1343915839733  [3.369417269,1.0810910599999999,1.0505494819999999]       
1TMP1meoh 1meoh1TMP-10000001_1_396 1.0 [5.54,9.11,22.13,79.26,110.29,134.31,182.3,207.15,208.07,245.38,246.55,295.03,623.06,642.2,702.09,702.37,805.32,854.12,855.34,970.99,971.58,982.6,1053.49,1108.28,1165.73,1324.78,1325.12,1349.53,1443.63,1463.35,1471.97,1472.25,1475.09,1479.58,1479.72,1492.89,1494.22,1518.17,2918.59,2954.29,2992.29,2993.38,2993.96,3053.95,3076.12,3076.96,3077.52,3092.49,3093.62,3094.51,3501.2]                                                                                         108.12076199799998 -576.1344648844303  [3.297300211,1.0649058740000001,1.038178437]              
1TMP1meoh 1meoh1TMP-10000001_1_791 1.0 [2.68,18.86,22.37,81.93,104.22,136.74,180.44,204.48,210.24,245.39,246.73,294.29,618.54,642.5,701.58,703.03,805.81,853.24,855.75,971.34,971.61,982.4,1053.29,1108.2,1165.5,1324.86,1325.79,1349.99,1442.15,1463.16,1471.48,1472.12,1475.86,1479.22,1479.59,1492.68,1494.71,1517.4,2918.33,2955.54,2992.49,2993.46,2993.59,3055.93,3076.36,3076.68,3077.27,3092.63,3093.58,3094.25,3504.37]                                                                                         108.12076199799998 -576.1343584921618  [3.378380337,1.083060213,1.053280352]                     
1TMP1meoh 1meoh1TMP-10000001_1_752 1.0 [2.09,18.68,31.04,79.23,109.74,135.15,177.29,203.48,205.86,244.99,246.6,293.53,610.74,642.67,701.61,702.33,805.25,853.14,855.3,970.95,971.39,982.44,1051.23,1108.12,1165.07,1324.31,1325.05,1349.47,1439.14,1462.86,1471.87,1472.07,1475.34,1479.06,1479.57,1492.73,1495.16,1517.98,2922.89,2960.82,2992.45,2993.36,2993.63,3056.68,3075.68,3076.8,3077.12,3092.36,3093.26,3094.32,3504.43]                                                                                       108.12076199799998 -576.1343074273984  [3.436459164,1.072984935,1.0314486690000002]              
1TMP1meoh 1meoh1TMP-10000001_1_369 1.0 [4.85,11.79,26.84,79.46,101.69,136.33,179.08,203.11,209.15,245.26,246.21,294.34,618.12,642.48,702.27,702.46,805.53,853.61,854.66,971.08,971.51,982.06,1053.38,1108.14,1165.2,1324.61,1325.17,1349.48,1442.97,1463.17,1471.83,1472.21,1475.1,1479.26,1479.74,1492.83,1494.05,1518.21,2919.98,2956.0,2992.75,2993.59,2994.07,3055.53,3076.28,3076.52,3077.5,3092.54,3093.09,3094.37,3503.57]                                                                                        108.12076199799998 -576.134427110097   [3.325717506,1.073087908,1.04267818]                      
1TMP1meoh 1meoh1TMP-10000001_1_708 1.0 [4.49,12.82,25.58,82.0,110.39,136.3,179.69,205.52,207.1,245.83,246.34,294.39,613.34,642.47,701.58,702.73,805.61,852.78,856.41,971.29,971.74,982.58,1052.65,1108.21,1165.75,1324.86,1325.71,1349.94,1442.72,1463.06,1471.56,1472.21,1475.67,1479.11,1479.59,1492.77,1494.52,1517.85,2919.12,2955.18,2992.18,2993.49,2994.02,3057.46,3075.61,3077.27,3078.35,3092.56,3093.83,3094.83,3509.6]                                                                                        108.12076199799998 -576.1343577863463  [3.3843771470000004,1.086463845,1.056581254]              
1TMP1meoh 1meoh1TMP-10000001_1_770 1.0 [6.36,13.37,23.78,80.24,104.71,133.91,181.74,206.82,208.58,245.7,246.12,294.01,616.1,642.66,701.99,703.01,805.72,853.32,855.14,971.42,971.61,982.22,1052.43,1107.43,1165.29,1325.06,1325.08,1349.72,1441.21,1463.32,1471.56,1472.09,1475.47,1479.36,1479.83,1492.7,1494.52,1517.96,2920.02,2956.57,2992.48,2993.44,2993.75,3056.47,3076.12,3076.9,3077.35,3092.56,3093.85,3094.46,3505.38]                                                                                        108.12076199799998 -576.1343596295719  [3.378269925,1.081898121,1.049939676]                     
1TMP1meoh 1meoh1TMP-10000001_1_626 1.0 [5.46,17.6,21.72,82.22,104.58,137.16,180.27,204.85,208.01,245.46,246.58,294.32,616.8,642.62,701.5,702.87,805.14,852.72,855.9,971.0,971.33,982.24,1053.3,1108.61,1165.58,1324.81,1325.35,1349.74,1443.67,1463.13,1471.47,1472.14,1475.6,1479.03,1479.82,1492.7,1494.3,1517.7,2918.57,2954.68,2992.33,2993.35,2994.04,3055.48,3075.55,3076.69,3077.94,3092.27,3092.98,3093.63,3506.16]                                                                                              108.12076199799998 -576.1343648758374  [3.374156939,1.082651458,1.053587749]                     
1TMP1meoh 1meoh1TMP-10000001_1_648 1.0 [6.51,14.92,21.97,81.87,108.49,136.25,180.88,206.32,207.88,245.66,246.64,294.07,612.88,642.49,701.51,703.09,805.89,852.67,855.52,971.47,971.68,982.25,1052.9,1108.32,1165.97,1324.89,1325.63,1349.94,1442.17,1463.17,1471.48,1472.17,1475.95,1479.25,1479.62,1492.63,1494.67,1517.66,2918.74,2954.71,2992.39,2993.42,2993.97,3055.97,3075.87,3076.55,3077.94,3092.53,3093.3,3094.13,3507.02]                                                                                      108.12076199799998 -576.1343649756169  [3.385720464,1.0855304140000002,1.055384529]              
1TMP1meoh 1meoh1TMP-10000001_1_294 1.0 [6.85,18.83,23.66,81.19,104.33,136.93,179.6,205.46,206.94,245.29,246.84,294.05,614.65,642.59,702.09,702.32,806.1,853.64,854.62,971.26,971.72,982.05,1053.35,1107.65,1165.67,1325.16,1325.3,1349.93,1440.45,1463.29,1471.62,1472.19,1476.04,1479.42,1479.77,1492.66,1494.96,1518.54,2920.94,2957.09,2992.35,2993.32,2993.68,3055.76,3075.87,3076.42,3076.92,3092.56,3093.15,3093.5,3505.12]                                                                                        108.12076199799998 -576.1344070062241  [3.3776339330000003,1.084346379,1.047776922]              
1TMP1meoh 1meoh1TMP-10000001_1_480 1.0 [5.99,24.66,31.06,80.69,110.24,134.93,181.86,204.63,212.5,243.43,247.79,291.87,601.25,642.91,701.71,703.17,805.93,853.8,854.75,971.56,972.37,982.95,1048.74,1108.41,1165.56,1323.91,1324.59,1349.27,1434.42,1463.78,1471.71,1472.08,1475.67,1479.76,1480.52,1492.81,1495.54,1517.77,2929.59,2968.78,2992.24,2993.19,2993.35,3059.92,3075.88,3076.46,3076.73,3092.76,3094.07,3094.71,3505.5]                                                                                       108.12076199799998 -576.1342188320433  [3.5943240540000003,1.1006098649999998,1.0450499400000002]
1TMP1meoh 1meoh1TMP-10000001_1_582 1.0 [7.95,22.69,33.66,80.9,105.19,135.18,182.83,206.2,212.76,244.66,247.09,292.64,606.1,642.68,701.81,702.63,806.02,853.73,854.48,971.12,972.27,982.55,1050.14,1107.39,1165.36,1324.4,1324.95,1349.55,1437.15,1463.54,1471.08,1472.23,1475.61,1479.67,1480.2,1492.6,1495.01,1518.09,2926.25,2964.31,2992.01,2993.01,2993.46,3058.23,3075.49,3075.87,3077.69,3092.2,3093.23,3094.81,3505.25]                                                                                           108.12076199799998 -576.1343303647408  [3.501835245,1.1043662939999999,1.053386262]              
1TMP1meoh 1meoh1TMP-10000001_1_472 1.0 [6.43,25.69,36.71,80.4,111.03,135.85,184.03,207.74,211.88,244.19,247.48,292.44,605.13,642.79,702.12,702.76,806.29,853.68,854.7,971.46,972.27,982.49,1050.84,1108.07,1165.41,1324.55,1324.94,1349.59,1437.57,1463.57,1471.29,1472.23,1475.41,1479.74,1480.03,1492.91,1494.78,1518.28,2925.83,2963.48,2992.23,2993.12,2993.46,3058.01,3075.98,3076.18,3077.42,3092.39,3093.2,3094.72,3505.59]                                                                                       108.12076199799998 -576.1343451111142  [3.4804748840000004,1.097613927,1.048990995]              
1TMP1meoh 1meoh1TMP-10000001_1_301 1.0 [11.23,16.3,20.35,82.27,115.39,132.03,181.31,205.53,208.32,245.44,247.46,293.7,594.99,642.33,702.28,702.42,805.51,853.41,856.25,971.02,971.95,982.75,1050.66,1111.51,1164.64,1324.35,1325.09,1349.56,1435.51,1463.25,1472.03,1472.73,1476.93,1479.46,1479.82,1493.01,1495.44,1518.41,2926.4,2964.48,2992.04,2992.9,2993.12,3055.64,3075.74,3076.67,3077.34,3093.13,3094.11,3094.61,3511.07]                                                                                       108.12076199799998 -576.1341429323138  [3.430458773,0.9942661460000001,0.979019294]              
1TMP1meoh 1meoh1TMP-10000001_1_114 1.0 [16.01,22.23,28.7,79.1,106.06,135.06,181.53,205.77,209.26,245.51,246.57,293.75,618.06,642.71,702.1,702.95,804.94,853.33,855.63,970.99,971.37,982.34,1052.94,1109.76,1165.9,1324.31,1325.31,1349.44,1443.33,1462.9,1471.83,1472.25,1475.73,1479.17,1479.3,1492.72,1494.41,1518.58,2921.0,2957.86,2992.35,2993.29,2993.49,3055.63,3076.15,3076.91,3077.12,3092.38,3092.9,3094.19,3500.77]                                                                                           108.12076199799998 -576.1343808202755  [3.3304837910000002,1.055971233,1.02498125]               
1TMP1meoh 1meoh1TMP-10000001_1_93  1.0 [-25.32,10.55,14.81,79.2,103.46,132.09,181.88,206.63,209.6,245.88,246.91,294.62,612.41,642.26,701.87,702.15,805.61,852.92,856.22,971.34,971.56,982.54,1052.96,1110.99,1165.31,1324.57,1324.9,1349.4,1442.47,1463.22,1472.15,1472.2,1476.74,1479.29,1479.88,1492.86,1494.57,1518.73,2921.71,2958.01,2992.53,2993.37,2993.98,3054.08,3075.95,3077.0,3077.63,3093.0,3093.6,3094.01,3503.0]                                                                                           108.12076199799998 -576.1343958682627  [3.300089475,1.024325676,0.999823212]                     
1TMP1meoh 1meoh1TMP-10000001_1_989 1.0 [-30.7,11.65,17.27,84.18,110.03,130.92,181.7,205.74,208.71,245.51,246.65,292.94,595.66,642.51,702.73,702.83,805.5,853.3,855.95,971.04,972.06,982.62,1050.27,1112.3,1164.31,1323.92,1324.76,1349.19,1435.52,1463.01,1472.03,1472.6,1476.8,1479.25,1479.63,1492.88,1495.34,1518.05,2927.69,2966.44,2992.08,2993.05,2993.56,3057.13,3075.33,3077.5,3077.98,3092.46,3093.96,3095.32,3503.31]                                                                                          108.12076199799998 -576.1341491753828  [3.450727655,0.998143161,0.987577531]                     
1TMP1meoh 1meoh1TMP-10000001_1_961 1.0 [-2.4,31.66,42.68,80.9,118.1,134.73,183.29,207.34,212.08,244.34,248.22,292.03,596.02,642.92,701.48,703.02,806.15,854.38,854.98,971.54,972.34,983.43,1047.98,1108.51,1166.66,1324.22,1325.06,1349.76,1433.99,1463.78,1471.64,1472.59,1476.1,1479.94,1480.44,1493.24,1495.98,1518.05,2929.56,2969.13,2991.57,2992.32,2993.01,3059.6,3074.7,3075.63,3076.72,3092.01,3092.95,3094.35,3511.77]                                                                                         108.12076199799998 -576.1342306489637  [3.6308859950000003,1.113497244,1.052729238]              
1dma      1dma                     1.0 [244.32,275.15,388.26,777.21,938.8,1032.36,1095.22,1159.41,1177.48,1262.87,1442.32,1469.28,1477.97,1489.69,1498.72,1521.18,1522.8,2870.93,2878.06,3014.66,3014.85,3064.34,3065.38,3466.11]                                                                                                                                                                                                                                                                                                                   45.085             -134.99618692131568 [34.836251119,9.373018441000001,8.273579138999999]        
1etoh     1etoh                    1.0 [226.98,280.16,416.83,823.63,890.61,1027.25,1094.71,1174.82,1276.66,1295.6,1401.54,1450.5,1488.91,1505.48,1531.76,2928.82,2952.13,3005.45,3078.96,3081.93,3757.54]                                                                                                                                                                                                                                                                                                                                              46.068999999999996 -154.8763298072532  [35.404153444,9.37469745,8.164619004]                     
1etoh1tma 1etoh1tma-01001000_1_269 1.0 [1.0,41.58,46.41,68.79,110.3,148.06,245.39,260.45,269.65,274.35,390.74,423.34,424.32,443.85,810.36,819.6,834.81,897.94,1043.65,1043.86,1058.31,1062.33,1111.31,1115.09,1120.42,1175.51,1212.46,1287.16,1287.89,1293.01,1361.97,1402.18,1439.71,1440.5,1479.72,1487.94,1488.01,1488.59,1491.1,1504.24,1510.69,1513.55,1515.5,1519.05,1530.84,2890.01,2899.32,2901.4,2903.86,2911.61,2997.94,3039.08,3042.39,3044.75,3069.41,3074.24,3082.83,3087.51,3089.13,3283.14]      105.18099999999998 -329.1382747660284  [4.243837762,0.9443888930000001,0.926680442]              
1etoh1tma 1etoh1tma-01001000_1_982 1.0 [1.81,34.93,44.37,61.91,111.78,147.15,245.57,259.64,270.11,272.02,390.98,422.72,424.37,442.05,809.09,819.56,833.75,897.91,1043.06,1044.56,1057.55,1062.3,1111.81,1115.35,1120.54,1176.27,1212.65,1286.07,1289.11,1292.55,1361.14,1402.06,1439.58,1440.04,1479.35,1487.7,1488.47,1489.08,1490.87,1504.66,1511.2,1514.46,1515.0,1517.76,1531.86,2890.05,2899.92,2900.74,2903.24,2911.41,2997.91,3038.86,3040.46,3043.93,3068.84,3074.23,3082.19,3086.32,3088.64,3285.65]   105.18099999999998 -329.1383775622538  [4.240028486,0.9473248240000001,0.9294669649999999]       
1etoh1tma 1etoh1tma-01001000_1_216 1.0 [2.11,33.99,45.97,61.58,111.39,148.1,245.28,261.59,269.58,271.44,389.77,423.67,424.47,442.8,808.58,819.79,832.91,897.95,1043.52,1044.91,1057.55,1062.51,1111.79,1115.2,1120.6,1176.47,1212.72,1286.79,1289.12,1292.82,1361.13,1402.21,1439.66,1440.32,1479.55,1487.81,1488.89,1489.23,1490.92,1504.46,1511.45,1514.59,1514.9,1517.41,1531.88,2888.32,2901.02,2901.64,2901.97,2912.49,2997.18,3039.71,3041.49,3044.13,3068.23,3073.13,3083.0,3087.47,3088.6,3286.41]      105.18099999999998 -329.13838842581316 [4.242808172,0.947725796,0.929901156]                     
1etoh1tma 1etoh1tma-01001000_1_762 1.0 [2.93,37.18,47.58,68.12,110.19,147.06,246.42,260.3,270.43,274.5,391.32,423.68,425.25,443.33,809.28,819.75,833.48,897.69,1043.51,1044.31,1058.07,1062.66,1111.53,1115.05,1120.3,1175.29,1212.55,1287.15,1288.21,1292.48,1361.37,1402.12,1439.84,1440.67,1479.9,1487.7,1488.08,1488.72,1491.04,1504.25,1510.78,1513.42,1515.41,1518.03,1531.05,2890.21,2898.94,2900.19,2903.6,2910.75,2998.3,3038.98,3041.36,3043.91,3069.87,3074.34,3082.75,3087.31,3088.88,3287.57]      105.18099999999998 -329.1382519258199  [4.241901799,0.943770978,0.926034125]                     
1etoh1tma 1etoh1tma-01001000_1_969 1.0 [3.01,40.87,50.68,68.29,110.72,146.82,246.29,259.42,270.16,274.94,390.99,423.58,423.93,442.88,809.97,819.43,834.58,897.36,1043.29,1043.76,1057.68,1062.12,1111.52,1114.96,1119.96,1175.74,1212.48,1286.82,1288.11,1292.51,1361.11,1401.51,1439.43,1440.45,1479.48,1487.59,1488.08,1488.38,1491.19,1504.17,1510.59,1513.47,1515.48,1518.09,1531.14,2889.93,2899.51,2900.68,2903.67,2911.3,2998.14,3038.94,3042.27,3044.73,3069.48,3074.4,3082.74,3087.75,3089.63,3285.01] 105.18099999999998 -329.13825070989924 [4.240782304000001,0.944806271,0.926993772]               
1etoh1tma 1etoh1tma-01001000_1_849 1.0 [6.22,29.19,42.87,62.33,110.9,148.59,245.83,259.27,271.02,273.39,390.76,423.74,424.66,442.34,808.36,819.75,833.26,897.7,1043.63,1044.51,1058.01,1062.63,1111.73,1115.19,1120.62,1176.12,1212.71,1286.37,1289.29,1292.3,1361.27,1401.71,1439.89,1440.1,1479.63,1487.44,1488.49,1489.02,1491.01,1504.09,1511.24,1514.4,1515.18,1518.36,1531.5,2889.53,2899.42,2901.41,2902.76,2911.7,2997.64,3039.09,3040.6,3044.02,3069.03,3073.53,3082.36,3086.52,3088.79,3285.04]       105.18099999999998 -329.1383577548838  [4.244224837,0.949008626,0.931321792]                     
1etoh1tma 1etoh1tma-01001000_1_208 1.0 [19.51,39.08,46.39,67.06,110.71,147.22,247.1,261.53,271.21,273.3,391.29,423.84,425.39,442.0,809.28,819.88,833.35,897.96,1044.0,1044.42,1057.46,1062.7,1111.77,1115.5,1120.55,1176.31,1212.88,1286.9,1289.34,1292.98,1361.8,1402.03,1439.72,1440.48,1479.68,1487.84,1488.67,1488.81,1490.91,1504.45,1511.12,1514.03,1515.07,1517.96,1531.66,2888.92,2899.99,2901.19,2901.83,2911.67,2998.3,3039.24,3041.42,3044.15,3069.94,3074.06,3082.78,3087.32,3088.61,3289.51]       105.18099999999998 -329.13827344370475 [4.242439595,0.952055273,0.934180985]                     
1etoh1tma 1etoh1tma-01001000_1_694 1.0 [-5.99,49.07,70.69,74.73,111.16,163.62,250.48,272.03,274.88,278.83,397.09,421.5,424.89,427.03,796.76,813.68,821.96,879.74,1042.75,1044.63,1058.55,1062.46,1108.39,1114.99,1116.18,1141.45,1212.8,1287.43,1287.7,1304.1,1385.8,1403.44,1439.35,1440.85,1479.97,1482.45,1487.6,1488.97,1491.29,1494.62,1511.05,1512.11,1515.42,1516.58,1521.01,2900.33,2900.82,2901.92,2911.73,2985.26,3004.68,3038.03,3042.69,3045.04,3053.25,3070.36,3082.23,3087.59,3089.65,3289.42]    105.18099999999998 -329.13838139450814 [3.433733529,1.162679216,1.091535204]                     
1etoh1tma 1etoh1tma-01001000_1_494 1.0 [-16.6,10.1,14.12,16.22,21.46,26.47,239.07,263.5,279.13,279.46,294.09,358.61,416.81,427.94,428.28,821.98,823.59,890.72,1027.57,1051.32,1051.63,1062.02,1096.06,1113.25,1113.36,1174.84,1195.97,1278.5,1291.17,1291.35,1295.44,1401.62,1440.46,1440.6,1451.41,1481.96,1484.16,1484.4,1488.79,1493.68,1505.37,1506.13,1515.54,1515.77,1532.29,2851.67,2852.56,2870.59,2931.49,2953.96,3004.24,3021.37,3021.76,3025.77,3065.83,3070.81,3071.21,3077.16,3080.38,3754.36]     105.18099999999998 -329.12617620130476 [3.6120858229999997,0.40939068500000003,0.399145321]      
1etoh1tma 1etoh1tma-01001000_1_705 1.0 [-27.18,-14.38,3.75,10.54,15.32,20.81,233.7,263.76,278.66,279.31,286.17,357.21,416.33,427.3,428.38,819.45,823.33,890.07,1027.09,1051.52,1052.1,1062.28,1094.99,1113.0,1113.25,1173.61,1195.39,1277.31,1291.44,1291.75,1295.64,1401.17,1440.48,1440.58,1451.31,1481.9,1484.07,1484.19,1488.94,1493.71,1505.18,1505.48,1515.6,1515.72,1531.04,2850.32,2850.84,2869.2,2933.55,2956.74,3004.02,3020.52,3021.54,3025.25,3065.29,3070.1,3071.0,3076.68,3079.94,3755.08]        105.18099999999998 -329.12615553705126 [3.33804916,0.446789303,0.430137587]                      
1etoh1tma 1etoh1tma-01001000_1_873 1.0 [-27.59,-5.05,16.0,36.54,45.76,60.07,229.72,260.16,274.23,275.33,279.53,355.88,415.41,426.9,427.61,823.65,826.09,888.42,1027.05,1052.96,1053.74,1062.18,1086.96,1112.76,1113.22,1168.96,1196.29,1274.86,1292.68,1293.46,1294.26,1395.21,1440.54,1440.67,1444.87,1482.02,1482.68,1484.03,1488.55,1493.88,1504.4,1506.54,1515.65,1516.3,1534.83,2856.22,2857.73,2874.73,2932.27,2990.8,3003.66,3021.02,3023.27,3027.8,3066.23,3070.74,3074.31,3075.57,3082.57,3756.3]      105.18099999999998 -329.1284926368706  [3.428056028,0.894622613,0.8387979249999999]              
1etoh1tma 1etoh1tma-01001000_1_715 1.0 [-17.26,-13.78,8.11,16.78,21.51,50.67,228.35,265.05,277.73,279.79,284.68,355.82,417.12,427.99,428.88,822.35,825.1,890.61,1027.2,1053.36,1054.05,1062.81,1094.38,1113.51,1113.76,1174.67,1194.93,1275.84,1293.09,1293.39,1295.13,1401.48,1440.36,1440.55,1450.07,1481.71,1483.62,1483.87,1488.71,1494.34,1504.82,1505.79,1515.38,1515.63,1531.6,2849.1,2850.8,2869.04,2929.04,2952.46,3007.09,3022.08,3023.13,3027.06,3067.18,3071.79,3073.21,3080.65,3083.76,3756.57]    105.18099999999998 -329.1263558038144  [6.255972891000001,0.459370272,0.44498128600000003]       
1etoh1tma 1etoh1tma-01001000_1_710 1.0 [-40.86,-30.68,-17.98,25.82,31.19,51.53,232.45,262.78,273.82,276.19,296.88,352.61,415.58,427.12,428.85,813.05,823.76,887.35,1024.92,1053.0,1053.93,1062.47,1090.05,1112.03,1113.66,1170.0,1194.81,1273.52,1293.25,1294.49,1298.79,1399.58,1438.43,1440.96,1452.79,1481.02,1484.53,1486.8,1488.69,1494.14,1502.99,1506.39,1515.79,1516.64,1525.83,2857.06,2857.96,2875.18,2947.96,2973.82,3002.54,3013.49,3025.45,3028.2,3061.51,3072.14,3075.07,3075.6,3077.95,3756.04]  105.18099999999998 -329.12828107628224 [3.5617933109999997,0.827595783,0.783719879]              
1meoh     1meoh                    1.0 [328.14,1032.39,1080.66,1164.14,1383.72,1479.27,1497.83,1516.06,2945.0,2990.07,3076.1,3758.88]                                                                                                                                                                                                                                                                                                                                                                                                                           32.042             -115.61299860448145 [128.627243031,24.754710327,23.889388200000003]           
1meoh1tma 1meoh1tma-10001000_1_862 1.0 [1.21,49.35,53.48,123.25,131.66,183.84,247.18,270.89,276.05,395.5,423.97,425.87,819.71,827.33,1043.36,1044.51,1062.63,1064.17,1111.01,1115.24,1135.62,1165.63,1212.61,1287.01,1288.84,1439.65,1440.2,1474.72,1481.4,1487.6,1488.32,1490.95,1496.84,1497.6,1511.36,1514.4,1515.56,1533.09,2899.89,2900.91,2903.93,2912.69,2937.03,3038.76,3041.27,3043.88,3044.73,3082.24,3086.73,3088.3,3296.71]                                                                                  91.15399999999998  -289.8749766821638  [4.353937041,1.6068280709999998,1.5557734049999998]       
1meoh1tma 1meoh1tma-10001000_1_688 1.0 [1.81,45.63,57.72,121.05,127.08,184.67,247.06,271.25,273.41,394.81,423.87,425.67,819.21,829.05,1042.82,1044.72,1062.44,1063.61,1110.45,1115.49,1134.93,1165.2,1212.2,1286.87,1288.99,1439.36,1440.74,1474.21,1481.29,1487.21,1488.35,1490.95,1496.6,1496.76,1511.33,1514.58,1515.36,1531.94,2898.51,2900.13,2905.2,2912.39,2939.65,3038.56,3040.12,3044.0,3044.97,3082.01,3086.09,3088.35,3293.75]                                                                                91.15399999999998  -289.87493817161214 [4.353464831999999,1.605672279,1.554496679]               
1meoh1tma 1meoh1tma-10001000_1_715 1.0 [2.7,49.45,55.93,121.26,126.55,184.23,247.85,270.94,274.97,396.2,423.83,426.57,820.08,830.72,1043.72,1045.02,1063.16,1064.1,1111.53,1115.43,1135.27,1166.12,1212.95,1287.03,1289.66,1439.87,1440.28,1474.45,1481.42,1487.56,1488.2,1490.95,1497.03,1498.53,1511.68,1514.69,1515.36,1533.88,2899.9,2900.5,2903.58,2912.44,2936.89,3038.62,3040.58,3043.32,3044.39,3082.05,3086.6,3087.76,3289.75]                                                                                  91.15399999999998  -289.8749327734996  [4.350701668,1.6120449209999999,1.560639935]              
1meoh1tma 1meoh1tma-10001000_1_439 1.0 [1.84,56.93,60.26,123.42,134.74,182.48,249.96,273.69,277.52,397.11,424.05,427.37,819.32,829.79,1042.54,1043.61,1062.75,1062.79,1110.63,1115.19,1135.42,1165.13,1212.87,1286.89,1287.69,1438.96,1440.55,1474.26,1481.14,1488.28,1488.83,1490.67,1496.23,1496.43,1511.2,1514.35,1515.32,1533.04,2899.71,2901.11,2904.67,2913.0,2938.61,3038.41,3041.56,3043.95,3044.44,3082.22,3086.73,3088.56,3294.0]                                                                              91.15399999999998  -289.87485152836365 [4.354345985,1.603154508,1.551988726]                     
1meoh1tma 1meoh1tma-10001000_1_867 1.0 [3.38,46.94,54.57,122.98,125.04,184.92,247.41,272.43,273.08,395.24,423.44,425.64,819.76,828.97,1043.02,1044.76,1062.48,1064.01,1110.92,1115.7,1135.54,1165.92,1212.68,1286.73,1289.4,1439.46,1439.91,1474.59,1480.99,1487.07,1488.0,1491.06,1497.03,1498.47,1511.55,1514.66,1515.49,1533.24,2899.72,2901.07,2903.95,2912.76,2936.66,3038.81,3040.4,3043.93,3044.67,3082.42,3086.55,3089.17,3291.64]                                                                               91.15399999999998  -289.8749685360718  [4.348160340000001,1.606784969,1.555197656]               
1meoh1tma 1meoh1tma-10001000_1_379 1.0 [3.41,45.8,57.27,120.95,127.41,184.5,247.44,271.71,274.5,394.77,423.61,426.06,819.84,826.1,1044.05,1044.52,1062.58,1062.89,1110.88,1115.74,1134.78,1165.27,1212.55,1287.34,1289.14,1439.44,1440.67,1474.2,1481.44,1487.47,1488.01,1490.98,1496.58,1497.03,1511.24,1514.57,1515.48,1532.09,2898.4,2900.55,2904.91,2912.48,2938.63,3038.85,3040.47,3044.77,3045.51,3082.52,3086.68,3089.39,3299.3]                                                                                  91.15399999999998  -289.8749638685508  [4.364280247,1.60934231,1.559934533]                      
1meoh1tma 1meoh1tma-10001000_1_205 1.0 [9.53,52.42,59.41,124.29,131.83,183.2,246.27,270.73,274.97,395.44,424.0,425.61,819.45,830.15,1042.77,1043.62,1062.21,1063.45,1110.39,1114.79,1135.73,1165.52,1212.43,1287.26,1287.42,1439.18,1440.37,1474.39,1481.29,1488.11,1488.47,1490.77,1495.87,1495.96,1510.87,1514.44,1515.57,1532.81,2899.63,2900.85,2904.46,2912.8,2938.49,3038.07,3042.3,3043.71,3044.78,3082.28,3087.28,3089.28,3293.81]                                                                               91.15399999999998  -289.87486082070455 [4.349461122,1.6033449599999998,1.5519092479999999]       
1meoh1tma 1meoh1tma-10001000_1_785 1.0 [16.43,23.02,27.41,53.4,62.05,62.71,260.58,274.68,276.08,317.71,355.92,427.17,427.44,824.11,1022.41,1052.89,1053.56,1062.25,1071.41,1113.2,1113.5,1154.98,1196.22,1293.14,1293.48,1377.23,1440.69,1440.91,1463.63,1481.96,1482.57,1483.97,1492.67,1494.91,1504.68,1509.17,1515.83,1516.15,2855.1,2856.4,2873.64,2961.37,3008.44,3022.54,3023.62,3027.07,3067.27,3072.18,3073.0,3090.07,3758.76]                                                                                   91.15399999999998  -289.86486273630175 [4.870400913,1.0435341619999998,1.0401626819999998]       
1meoh1tma 1meoh1tma-10001000_1_853 1.0 [16.5,21.86,28.24,55.92,63.14,68.92,261.47,275.51,276.08,322.67,355.47,427.87,428.0,824.0,1021.93,1053.14,1053.62,1062.54,1070.66,1112.72,1113.33,1155.55,1196.08,1293.33,1293.46,1376.97,1440.72,1440.81,1462.33,1482.07,1482.81,1484.04,1492.99,1494.35,1504.83,1508.55,1515.74,1516.05,2854.92,2856.52,2873.7,2960.82,3008.48,3021.87,3023.36,3026.77,3066.89,3071.72,3072.63,3092.05,3758.4]                                                                                  91.15399999999998  -289.86483455812146 [4.831117224,1.050146803,1.048912754]                     
1meoh1tma 1meoh1tma-10001000_1_713 1.0 [-35.76,-13.78,25.16,43.76,52.9,58.04,260.89,274.61,276.7,315.66,354.67,426.75,427.87,824.1,1022.56,1052.97,1053.23,1062.07,1069.99,1112.87,1113.17,1153.96,1196.11,1292.96,1293.46,1376.45,1440.12,1440.48,1463.5,1481.56,1484.16,1484.4,1492.71,1494.15,1505.26,1509.54,1516.08,1516.34,2855.27,2855.84,2873.49,2960.1,3006.66,3022.9,3022.96,3026.78,3067.17,3072.16,3072.51,3090.51,3759.82]                                                                                  91.15399999999998  -289.8647702185176  [4.816687541,1.0279565640000001,1.026900345]              
1tma      1tma                     3.0 [261.43,275.87,276.34,353.95,427.24,427.55,824.46,1053.22,1053.36,1061.95,1113.18,1113.29,1194.78,1292.94,1293.01,1440.2,1440.25,1481.72,1483.48,1483.72,1493.32,1504.65,1515.35,1515.4,2848.77,2848.88,2867.87,3022.11,3022.31,3026.4,3066.58,3071.82,3071.83]                                                                                                                                                                                                                                     59.112             -174.2491030802366  [8.762217697,8.761371672,4.962158619]                     
